company_id,company_name,website,industry,primary_service,country,city,state,employee_range,estimated_revenue_usd,founded_year,ownership,customer_profile,business_model,revenue_model,geography,key_services,growth_signal,reputation_signal,technology_stack,linkedin_url,company_description,demo_fit
C001,CloudNova Systems,https://cloudnovasystems.com,B2B SaaS,Cloud infrastructure management software,United States,Austin,Texas,101-250,18.5M,2018,Private,Mid-market businesses; enterprise IT teams,B2B SaaS,Subscription,North America,Cloud management; DevOps automation,Growing,Positive,AWS; Kubernetes; Terraform,https://www.linkedin.com/company/cloudnova-systems,Cloud infrastructure automation platform for mid-market and enterprise customers,High
C002,DataForge Analytics,https://dataforgeanalytics.com,B2B SaaS,Business intelligence and analytics,United States,Denver,Colorado,51-100,9.2M,2019,Private,Mid-market businesses; data teams,B2B SaaS,Subscription,North America,BI dashboards; data analytics,Growing,Positive,Snowflake; dbt; AWS,https://www.linkedin.com/company/dataforge-analytics,Analytics platform helping businesses turn operational data into dashboards and insights,High
C003,SecureStack Technologies,https://securestacktech.com,Cybersecurity,Cloud security and compliance platform,United States,Boston,Massachusetts,101-250,22.0M,2017,Private,Enterprise IT and security teams,B2B SaaS,Subscription,North America,Cloud security; compliance automation,Growing,Positive,AWS; Azure; Kubernetes,https://www.linkedin.com/company/securestack-technologies,Cloud security platform focused on compliance and infrastructure protection,High
C004,RetailFlow Commerce,https://retailflowcommerce.com,E-commerce Software,Retail inventory and order management,United States,Chicago,Illinois,51-100,11.4M,2020,Private,Retailers; e-commerce brands,B2B SaaS,Subscription,North America,Inventory management; order automation,Growing,Positive,Shopify; AWS; PostgreSQL,https://www.linkedin.com/company/retailflow-commerce,Commerce operations platform for growing retail and e-commerce companies,Medium
C005,FleetOps Cloud,https://fleetopscloud.com,Logistics Technology,Fleet and transportation management software,United States,Dallas,Texas,101-250,16.8M,2016,Private,Logistics companies; fleet operators,B2B SaaS,Subscription,North America,Fleet management; route optimization,Growing,Positive,AWS; React; PostgreSQL,https://www.linkedin.com/company/fleetops-cloud,Cloud-based fleet management and route optimization platform,Medium
C006,MedConnect Digital,https://medconnectdigital.com,Healthcare Technology,Healthcare workflow and patient engagement software,United States,Boston,Massachusetts,51-100,8.7M,2021,Private,Healthcare providers; clinics,B2B SaaS,Subscription,North America,Patient engagement; healthcare workflows,Growing,Positive,AWS; React; Node.js,https://www.linkedin.com/company/medconnect-digital,Healthcare software company providing digital workflow and engagement tools,Medium
C007,MarketPulse CRM,https://marketpulsecrm.com,Sales Technology,CRM and sales automation software,United States,New York,New York,101-250,20.5M,2017,Private,SMB and mid-market sales teams,B2B SaaS,Subscription,North America,CRM; sales automation,Growing,Positive,AWS; PostgreSQL; React,https://www.linkedin.com/company/marketpulse-crm,CRM platform focused on sales automation and pipeline management,High
C008,GreenGrid Energy,https://greengridenergy.com,Clean Technology,Energy monitoring and optimization software,United States,San Francisco,California,51-100,7.9M,2019,Private,Commercial property owners; energy teams,B2B SaaS,Subscription,North America,Energy analytics; optimization,Growing,Positive,AWS; Python; React,https://www.linkedin.com/company/greengrid-energy,Energy intelligence platform helping commercial customers monitor and optimize usage,Medium
C009,DevFlow Automation,https://devflowautomation.com,Developer Tools,CI/CD and developer workflow automation,United States,Seattle,Washington,101-250,24.1M,2016,Private,Software engineering teams,B2B SaaS,Subscription,Global,CI/CD; DevOps automation,Growing,Positive,GitHub; Kubernetes; AWS,https://www.linkedin.com/company/devflow-automation,Developer productivity and CI/CD automation platform for engineering teams,High
C010,LegacyBridge Solutions,https://legacybridgesolutions.com,IT Services,Legacy application modernization,United States,Atlanta,Georgia,251-500,31.5M,2012,Private,Large enterprises,Professional Services,Project + recurring services,North America,Application modernization; cloud migration,Stable,Positive,AWS; Azure; .NET,https://www.linkedin.com/company/legacybridge-solutions,Technology services firm specializing in modernization and cloud migration,Low
C011,QuickServe POS,https://quickservepos.com,Retail Technology,Point-of-sale and restaurant management,United States,Miami,Florida,51-100,10.1M,2018,Private,Restaurants; franchise operators,B2B SaaS,Subscription + transaction fees,North America,POS; restaurant management,Growing,Positive,AWS; React; PostgreSQL,https://www.linkedin.com/company/quickserve-pos,Restaurant point-of-sale and operations management platform,Medium
C012,FinancePilot,https://financepilot.com,FinTech,Financial planning and reporting software,United States,New York,New York,101-250,19.3M,2015,Private,Finance teams; CFO organizations,B2B SaaS,Subscription,North America,Financial reporting; FP&A,Growing,Positive,AWS; Python; PostgreSQL,https://www.linkedin.com/company/financepilot,Financial planning and reporting software for finance organizations,High
C013,EduSphere Learning,https://eduspherelearning.com,EdTech,Learning management and employee training,United States,Chicago,Illinois,51-100,6.8M,2020,Private,Companies; HR and L&D teams,B2B SaaS,Subscription,North America,LMS; employee training,Growing,Positive,AWS; React; Node.js,https://www.linkedin.com/company/edusphere-learning,Corporate learning and training management platform,Medium
C014,BuildTrack Pro,https://buildtrackpro.com,Construction Technology,Construction project management software,United States,Phoenix,Arizona,101-250,14.6M,2017,Private,Construction firms; contractors,B2B SaaS,Subscription,North America,Project management; field operations,Growing,Positive,AWS; React; PostgreSQL,https://www.linkedin.com/company/buildtrack-pro,Construction management platform for project; field; and contractor workflows,Medium
C015,AdSpark Media,https://adsparkmedia.com,Marketing Technology,Digital advertising and campaign analytics,United States,Los Angeles,California,51-100,12.7M,2018,Private,Marketing teams; agencies,B2B SaaS,Subscription,North America,Campaign analytics; advertising automation,Growing,Positive,AWS; Python; React,https://www.linkedin.com/company/adspark-media,Marketing analytics and advertising automation platform,Medium
C016,OpenSource Labs,https://opensourcelabs.example,Developer Tools,Open-source developer infrastructure,United States,San Francisco,California,11-50,2.1M,2022,Private,Developer teams; startups,B2B SaaS,Freemium + subscription,Global,Developer infrastructure,Growing,Positive,Kubernetes; GitHub; AWS,https://www.linkedin.com/company/opensource-labs,Developer infrastructure startup with a freemium product model,Medium
C017,EnterpriseWorks Group,https://enterpriseworks.example,IT Services,Enterprise IT consulting,United States,New York,New York,1001-5000,180M,2008,Private,Large enterprises; government,Professional Services,Project-based,North America,IT consulting; systems integration,Stable,Neutral,AWS; Azure; SAP,https://www.linkedin.com/company/enterpriseworks-group,Large enterprise IT consulting and systems integration company,Low
C018,BudgetBooks Online,https://budgetbooksonline.example,Accounting Software,Small business accounting software,United States,Phoenix,Arizona,11-50,1.4M,2021,Private,Small businesses,B2B SaaS,Subscription,North America,Accounting; invoicing,Growing,Positive,AWS; React; PostgreSQL,https://www.linkedin.com/company/budgetbooks-online,Low-cost accounting and invoicing platform targeting small businesses,Low
C019,CryptoX Exchange,https://cryptox.example,Cryptocurrency,"Digital asset exchange, United States",Miami,Florida,251-500,75M,2016,Private,Retail crypto users; traders,Marketplace,Transaction fees,Global,Cryptocurrency trading,Volatile,,Mixed,AWS; Kubernetes,https://www.linkedin.com/company/cryptox-exchange,Digital asset trading platform,Reject
C020,Acme Manufacturing,https://acmemanufacturing.example,Manufacturing,Industrial equipment manufacturing,United States,Detroit,Michigan,501-1000,95M,2005,Private,Industrial distributors; manufacturers,Manufacturing,Product sales,North America,Industrial equipment,Stable,Positive,ERP; AWS,https://www.linkedin.com/company/acme-manufacturing,Industrial manufacturer serving distributors and commercial customers,Reject
C021,SendLayer,https://sendlayer.com,Email Delivery,Transactional email API,United States,Austin,Texas,11-50,3.2M,2020,Private,Developers; SaaS companies,B2B SaaS,Subscription,Global,Transactional email; deliverability,Growing,Positive,AWS; Node.js; Kubernetes,https://www.linkedin.com/company/sendlayer,Transactional email API built for developers with high deliverability,High
C022,Paddle.com,https://paddle.com,Payments,merchant of record payment processing,United Kingdom,London,England,201-500,70M,2015,Public,Software companies; digital businesses,B2B SaaS,Transaction fees,Global,Merchant of record; subscription billing,Growing,Positive,AWS; Kubernetes; PostgreSQL,https://www.linkedin.com/company/paddle,Merchant of record payment platform handling global taxes and compliance for software companies,High
C023,Z encante,https://zencante.com,HR Technology,Employee engagement and culture platform,United States,Denver,Colorado,51-100,12.4M,2017,Private,HR teams; mid-market companies,B2B SaaS,Subscription,North America,Employee engagement; pulse surveys,Growing,Positive,AWS; React; PostgreSQL,https://www.linkedin.com/company/zencante,Employee engagement and culture platform for mid-market companies,Medium
C024,Attio,https://attio.com,CRM,Modern CRM and pipeline platform,United Kingdom,London,England,51-100,14.8M,2022,Private,Sales teams; startups; venture-backed,B2B SaaS,Subscription,Global,CRM; pipeline management; relationship data,Growing,Positive,Next.js; PostgreSQL; AWS,https://www.linkedin.com/company/attio,Modern CRM built for startups and venture-backed sales teams,High
C025,ValueError,https://valueerror.com,Developer Tools,Billing and usage-based pricing infrastructure,United States,San Francisco,California,11-50,4.6M,2021,Private,SaaS companies; usage-based businesses,B2B SaaS,Subscription + usage,Global,Usage-based billing; metering; invoicing,Growing,Positive,Go; PostgreSQL; AWS,https://www.linkedin.com/company/valueerror,Usage-based billing and metering infrastructure for SaaS companies,High
C026,Scale AI,https://scale.com,Artificial Intelligence,Data labeling and AI training platform,United States,San Francisco,California,501-1000,210M,2016,Private,AI companies; enterprises; government,B2B SaaS + services,Subscription + enterprise,Global,AI data labeling; RLHF; model evaluation,Growing,Positive,AWS; Kubernetes; React,https://www.linkedin.com/company/scale-ai,Data labeling and AI training platform powering frontier models and enterprise AI,High
C027,Ramp,https://ramp.com,FinTech,Corporate cards and spend management,United States,New York,New York,501-1000,100M,2019,Private,Finance teams; enterprises,B2B SaaS,Subscription + interchange,Global,Corporate cards; spend management; bill pay,Growing,Positive,React; PostgreSQL; AWS,https://www.linkedin.com/company/ramp,corporate cards and spend management platform for enterprises,High
C028,Vanta,https://vanta.com,Cybersecurity,Security compliance automation,United States,San Francisco,California,251-500,80M,2018,Private,Startups; mature tech companies,B2B SaaS,Subscription,North America,Security compliance; SOC 2; ISO 27001,Growing,Positive,React; AWS; PostgreSQL,https://www.linkedin.com/company/vanta,Security compliance automation platform helping companies get SOC 2 and ISO certified,High
C029,Deel,https://deel.com,Human Resources,Payroll and global HR platform,United States,San Francisco,California,501-1000,250M,2019,Private,Companies with global teams,B2B SaaS,Subscription,Global,Payroll; global HR; EOR,Growing,Positive,React; AWS; PostgreSQL,https://www.linkedin.com/company/deel,Global payroll and HR platform for companies with international teams,High
C030,Notion Labs,https://notion.so,Productivity,Workspace and document collaboration,United States,San Francisco,California,501-1000,100M,2016,Private,Knowledge workers; teams,B2B SaaS,Freemium + enterprise,Global,Documents; wikis; project management,Growing,Positive,React; AWS; PostgreSQL,https://www.linkedin.com/company/notion,All-in-one workspace for docs; wikis; projects; and knowledge management,High
C031,Samsara,https://samsara.com,Logistics Technology,Connected operations for fleets and facilities,United States,San Francisco,California,2501-5000,1470M,2015,Private,Fleets; construction; retail; utilities,B2B SaaS,Subscription,Global,Connected operations; IoT; fleet management,Growing,Positive,React; AWS; Kubernetes,https://www.linkedin.com/company/samsara,Connected operations platform for fleets; facilities; and field teams with IoT and AI,High
C032,Klaviyo,https://klaviyo.com,Marketing Technology,Email and SMS marketing automation,United States,Boston,Massachusetts,1001-5000,538M,2012,Private,E-commerce brands; B2C businesses,B2B SaaS,Subscription,North America; Europe,Email marketing; SMS; customer data platform,Growing,Positive,React; Python; PostgreSQL,https://www.linkedin.com/company/klaviyo,AI-enabled marketing automation platform unifying email; SMS; and customer analytics for B2C brands,High
C033,Celonis,https://celonis.com,Process Intelligence,Process mining and execution management,United States,Munich,Bavaria (Germany),2501-5000,540M,2013,Private,Enterprises; GSIs; consulting firms,B2B SaaS,Subscription + enterprise,Global,Process mining; execution management; data analytics,Growing,Positive,Java; Kubernetes; React; AWS,https://www.linkedin.com/company/celonis,Process mining and execution management platform that helps enterprises analyze operational processes and unlock efficiency,High
C034,Boomi,https://boomi.com,Integration Platform,Enterprise application integration and data management,United States,Philadelphia,Pennsylvania,501-1000,300M,2000,Private,Enterprises; IT organizations,B2B SaaS,Subscription,Global,App integration; data integration; API management,Growing,Positive,Java; AWS; React,https://www.linkedin.com/company/boomi,Enterprise integration platform connecting applications; data; and people across organizations,High
C035,Navan,https://navan.com,Travel & Expense,Corporate travel and expense management,United States,New York,New York,501-1000,300M,2015,Private,Companies with traveling employees,B2B SaaS,Subscription + expense fees,Global,Corporate travel; expense management; carbon tracking,Growing,Positive,React; AWS; PostgreSQL,https://www.linkedin.com/company/navan,Corporate travel and expense management platform with AI-powered receipt scanning and carbon tracking,High
C036,Contentful,https://contentful.com,Content Platform,Composable content management system,United States,Berlin,Berlin (Germany),501-1000,140M,2013,Private,Enterprises; e-commerce; media; agencies,B2B SaaS,Subscription,Global,Composable CMS; content infrastructure; digital experience,Growing,Positive,React; Node.js; AWS; GraphQL,https://www.linkedin.com/company/contentful,Composable content platform enabling enterprises to create; manage; and deliver content across any channel,High
C037,Workiva,https://workiva.com,Financial Software,Cloud-based financial reporting and compliance,United States,Minneapolis,Minnesota,1001-5000,480M,2008,Private,Finance teams; public companies; accounting firms,B2B SaaS,Subscription + professional services,North America; Europe,Financial reporting; SEC filing; WFH; ESG reporting,Growing,Positive,React; Python; AWS; PostgreSQL,https://www.linkedin.com/company/workiva,Financial reporting and compliance platform for public companies with AI-powered document creation,High
C038,Grafana Labs,https://grafana.com,Observability,Observability and data visualization platform,United States,New York,New York,501-1000,250M,2014,Private,DevOps; SRE; data engineers; IT teams,B2B SaaS,Freemium + enterprise,Global,Metrics visualization; logs; traces; alerts,Growing,Positive,Go; React; Kubernetes; PostgreSQL,https://www.linkedin.com/company/grafana-labs,Observability platform with open-source tools for metrics; logs; and traces visualization used by over 10M users,High
C039,JFrog,https://jfrog.com,Developer Tools,Software supply chain management platform,Israel,Tel Aviv,Tel Aviv (Israel),1501-5000,580M,2009,Private,Software engineering teams; enterprises,B2B SaaS,Subscription,Global,Artifact management; CI/CD; security scanning,Growing,Positive,Go; Kubernetes; AWS; PostgreSQL,https://www.linkedin.com/company/jfrog,Software supply chain platform from build to production with artifact management; CI/CD; and security,High
C040,DoubleVerify,https://doubleverify.com,AdTech,Ad verification and brand safety platform,United States,New York,New York,501-1000,380M,2008,Private,Advertisers; media platforms; agencies,B2B SaaS,Subscription + fee-per-impression,North America; Europe; Asia,Ad verification; brand safety; fraud detection,Growing,Positive,Go; Python; AWS; PostgreSQL,https://www.linkedin.com/company/doubleverify,Ad verification and brand safety platform protecting advertisers from fraud; unsuitable content; and invalid traffic,High
C041,Walmart Inc,https://walmart.com,Retail,Retail and e-commerce,United States,Bentonville,Arkansas,2001-5000,713200M,1962,Private,Consumers; businesses; governments,Retail + e-commerce,Product sales + membership,Global,General merchandise; groceries; e-commerce; pharmacy,Growing,Positive,Java; React; AWS; PostgreSQL,https://www.linkedin.com/company/walmart,World's largest retailer with stores in 19 countries and leading e-commerce operations generating $713B revenue in 2025,High
C042,Amazon.com,https://amazon.com,E-commerce + Cloud,E-commerce retail and cloud computing,United States,Seattle,Washington,5001-10000,717000M,1994,Private,Consumers; enterprises; developers,E-commerce + cloud services,Product sales + subscription + cloud revenue,Global,Online retail; cloud computing (AWS); digital streaming; AI,Growing,Positive,Java; React; AWS; Kubernetes; Python,https://www.linkedin.com/company/amazon,Global e-commerce and cloud computing leader generating $717B revenue in 2025 with AWS as the leading cloud provider,High
C043,Caterpillar Inc,https://caterpillar.com,Manufacturing,Construction and agricultural machinery,United States,Irving,Texas,101001-200000,67600M,1925,Public,Construction firms; mining companies; agricultural businesses,Manufacturing + financial services,Product sales + financial services + aftermarket parts,Global,Construction equipment; diesel engines; industrial gas turbines,Growing,Positive,ERP; AWS; SAP; IoT; analytics,https://www.linkedin.com/company/caterpillar,"World's largest manufacturer of construction and mining equipment with $67.6B revenue and 101,000 employees",High
C044,The John Deere Company,https://deere.com,Manufacturing,Agricultural and construction equipment,United States,Moline,Illinois,70101-80000,45700M,1837,Public,Agricultural producers; construction companies; forestry businesses,Manufacturing + financial services,Product sales + equipment financing + aftermarket parts,North America; South America; Europe; Asia Pacific,Agricultural machinery; construction equipment; precision ag technology,Growing,Positive,ERP; SAP; IoT; AI; analytics,https://www.linkedin.com/company/john-deere,"Leading manufacturer of agricultural and construction equipment with $45.7B revenue and 73,100 employees",High
C045,Honeywell International,https://honeywell.com,Manufacturing,Diversified technology and manufacturing,United States,Charlotte,North Carolina,101001-200000,37400M,1906,Public,Airlines; buildings; energy; healthcare; governments,Manufacturing + software + services,Product sales + software + service contracts,Global,Aerospace systems; building technologies; performance materials; safety solutions,Growing,Positive,ERP; SAP; AWS; IoT; analytics,https://www.linkedin.com/company/honeywell-international,"Diversified technology company providing aerospace; building; energy; and safety solutions with $37.4B revenue and 101,000 employees",High
C046,3M Company,https://3m.com,Manufacturing,Multinational conglomerate manufacturing,United States,St. Paul,Minnesota,60101-70000,24900M,1902,Public,Industries; healthcare; consumers; governments,Manufacturing + consumer goods + healthcare,Product sales across multiple divisions,Global,Industrial adhesives; abrasives; healthcare products; consumer goods,Stale,Positive,ERP; SAP; AWS; analytics,https://www.linkedin.com/company/3m,Multinational conglomerate with $24.9B revenue across industrial; safety; healthcare; and consumer business segments,Medium
C047,UnitedHealth Group,https://unitedhealthgroup.com,Healthcare,Managed healthcare and health insurance,United States,Minnetonka,Minnesota,200101-500000,400000M,1977,Public,Individuals; employers; government programs,Healthcare + insurance + services,Insurance premiums + healthcare services revenue,Global,Health insurance (UnitedHealthcare); healthcare services (Optum); data analytics,Growing,Positive,ERP; SAP; AWS; data analytics; AI,https://www.linkedin.com/company/unitedhealth-group,Largest health insurer in the U.S. with $400B revenue combining UnitedHealthcare insurance and Optum health services,High
C048,CVS Health Corporation,https://cvshealth.com,Healthcare,Retail pharmacy and healthcare services,United States,Woonsocket,Rhode Island,100101-200000,350000M,1963,Public,Consumers; patients; health plan members,Retail pharmacy + health insurance + healthcare services,Product sales + pharmacy + insurance premiums,Global,Retail pharmacy (CVS); health insurance (Aetna); healthcare services; pharmacy benefits management,Growing,Positive,ERP; AWS; data analytics; retail systems,https://www.linkedin.com/company/cvs-health,"CVS Health combining CVS Pharmacy; Aetna health insurance; and healthcare services with $350B revenue and 100,000+ employees",High
C049,United Parcel Service Inc,https://ups.com,Logistics,Package delivery and supply chain management,United States,Atlanta,Georgia,50101-100000,91000M,1907,Public,Businesses; consumers; governments,Logistics + package delivery + freight + supply chain,Service revenue + shipping fees + logistics contracts,North America; Europe; Asia Pacific; Latin America; Middle East,Domestic package delivery; international shipping; freight forwarding; warehousing; supply chain solutions,Growing,Positive,ERP; AWS; telematics; route optimization; AI,https://www.linkedin.com/company/ups,"World's largest package delivery company with $91B revenue; 534,000 employees; and global logistics operations across 220+ countries",High
C050,FedEx Corporation,https://fedex.com,Logistics,Package and freight delivery,United States,Memphis,Tennessee,50101-100000,90000M,1971,Public,Individuals; businesses; governments,Logistics + package delivery + freight + express shipping,Service revenue + shipping fees + freight revenue,North America; Europe; Asia Pacific; Latin America,Ground delivery; express air freight; freight forwarding; customs brokerage; logistics solutions,Growing,Positive,ERP; AWS; telematics; route optimization; analytics,https://www.linkedin.com/company/fedex,FedEx global logistics company with $90B revenue providing package; freight; and supply chain delivery services worldwide,High
C051,Danaher Corporation,https://danaher.com,Manufacturing,Life sciences and diagnostics technology,United States,Washington,D.C.,50101-100000,28000M,1969,Public,Life sciences researchers; hospitals; pharmaceutical companies; food safety labs,Manufacturing + life sciences + diagnostics,Product sales + service contracts + test kits,Global,Life science research tools; bioprocessing; diagnostics; water quality testing,Growing,Positive,ERP; SAP; AWS; data analytics; AI,https://www.linkedin.com/company/danaher-corporation,Science and technology innovator with $28B revenue across life sciences; diagnostics; and environmental testing businesses,High
C052,PG&E Corporation,https://pge.com,Utilities,Electricity and natural gas utility,United States,Oakland,California,10101-20000,51000M,1905,Public,Electricity and gas customers in Northern and Central California,Utilities,Service charges + energy delivery + gas sales,North America,Electricity generation; transmission; distribution; natural gas delivery; energy efficiency programs,Growing,Neutral,ERP; AMI smart meters; grid automation; data analytics,https://www.linkedin.com/company/pg-and-e,Pacific Gas and Electric utility serving 16 million people in Northern and Central California with $51B revenue,Medium
C053,Procter & Gamble Company,https://pg.com,Consumer Goods,Consumer packaged goods manufacturer,United States,Cincinnati,Ohio,100101-200000,84000M,1837,Public,Consumers globally; retailers; wholesale distributors,Consumer goods manufacturing,Product sales across brands,Global,Household care; personal care; baby care; grooming; health; fabric care,Stale,Positive,ERP; SAP; AWS; supply chain systems; analytics,https://www.linkedin.com/company/procter-and-gamble,"Global consumer goods company behind Tide; Pampers; Gillette; Crest; and many other brands with $84B revenue and 100,000+ employees",High
C054,The Chevron Corporation,https://chevron.com,Energy,Oil and gas exploration and production,United States,San Ramon,California,40101-50000,39000M,1879,Public,Oil and gas customers; energy consumers,Energy,Product sales + refining + marketing + chemicals,North America; South America; Asia Pacific,Energy exploration; production; refining; marketing; chemicals,Growing,Neutral,ERP; SAP; IoT; data analytics,https://www.linkedin.com/company/chevron,Major integrated energy company exploring; producing; refining; and marketing oil; gas; and energy products with $39B revenue,Medium
C055,Delta Air Lines,https://delta.com,Airlines,Airline transportation services,United States,Atlanta,Georgia,10101-20000,95000M,1925,Public,Passengers; cargo customers; businesses,Airline services,Passenger fares + cargo + ancillary fees + loyalty program,North America; Europe; Asia Pacific; Latin America; Africa,Passenger air travel; cargo; loyalty program (SkyMiles); inflight services,Growing,Positive,Java; AWS; data analytics; reservations systems,https://www.linkedin.com/company/delta-air-lines,"Leading U.S. airline with $95B revenue; 10,100+ employees; and the largest domestic airline by revenue serving 325+ destinations worldwide",High
C056,American Airlines Group,https://aa.com,Airlines,Airline transportation services,United States,Dallas,Texas,10101-20000,93000M,1934,Public,Passengers; cargo customers; businesses,Airline services,Passenger fares + cargo + ancillary fees + loyalty program,North America; Latin America; Caribbean; Europe; Asia Pacific,Passenger air travel; cargo; loyalty program (AAdvantage); inflight services,Growing,Neutral,Java; AWS; data analytics; reservations systems,https://www.linkedin.com/company/american-airlines-group,"Largest U.S. airline by fleet size and passenger miles with $93B revenue and 10,100+ employees serving 350+ destinations",High
C057,United Airlines Holdings,https://united.com,Airlines,Airline transportation services,United States,Chicago,Illinois,10101-20000,90000M,1926,Public,Passengers; cargo customers; businesses,Airline services,Passenger fares + cargo + ancillary fees + loyalty program,North America; Europe; Asia Pacific; Latin America; Middle East; Africa,Passenger air travel; cargo; loyalty program (MileagePlus); inflight services,Growing,Positive,Java; AWS; data analytics; reservations systems,https://www.linkedin.com/company/united-airlines,"Major U.S. airline with $90B revenue and 10,100+ employees operating 4 hubs and serving 350+ destinations worldwide",High
C058,Southwest Airlines,https://southwest.com,Airlines,Airline transportation services,United States,Dallas,Texas,50101-100000,94000M,1967,Public,Passengers; businesses,Airline services,Passenger fares + ancillary fees + loyalty program,North America; Caribbean; Mexico; Central America; Europe,Passenger air travel; loyalty program (Rapid Rewards); inflight services,Growing,Positive,Java; AWS; data analytics; reservations systems,https://www.linkedin.com/company/southwest-airlines,"Largest U.S. domestic airline by passengers carried with $94B revenue and 50,100+ employees known for low fares and point-to-point routing",High
C059,Walt Disney Company,https://disney.com,Media & Entertainment,Media and entertainment conglomerate,United States,Burbank,California,10101-20000,91000M,1923,Public,Families; consumers; businesses worldwide,Media + entertainment + parks + streaming,Media revenue + parks; experiences; products; streaming subscriptions + advertising revenue,Global,Film and TV production; theme parks; streaming (Disney+; Hulu); consumer products; animation; sports (ESPN),Growing,Positive,Java; AWS; React; data analytics; content management systems,https://www.linkedin.com/company/walt-disney-company,Leading global media and entertainment company with $91B revenue spanning film; TV; theme parks; streaming; consumer products; and sports including ESPN,High
C060,Comcast Corporation,https://comcast.com,Media & Entertainment,Media and telecommunications conglomerate,United States,Philadelphia,Pennsylvania,10101-20000,124000M,1963,Public,Consumers; businesses; advertisers,Media + telecommunications + cable + streaming,Media revenue + cable; broadband; phone + advertising + streaming subscriptions,Global,Cable TV; broadband internet; phone services; NBCUniversal; streaming (Peacock); advertising,Growing,Positive,Java; AWS; data analytics; content management systems,https://www.linkedin.com/company/comcast,Largest U.S. cable and media conglomerate with $124B revenue including NBCUniversal; Xfinity; and Peacock streaming service with 41M subscribers,High
C061,Netflix,https://netflix.com,Media & Entertainment,Streaming entertainment services,United States,Los Gatos,California,10101-20000,39000M,1997,Public,Subscribers worldwide; content producers,Streaming services,Subscription fees + advertising revenue,Global,Video streaming; original content production; film and TV licensing; advertising-supported tier,Growing,Positive,Java; AWS; React; data analytics; content delivery networks,https://www.linkedin.com/company/netflix,Leading global streaming entertainment service with $39B revenue; 301.6M subscribers; and original content across film; TV; and gaming,High
C062,Warner Bros Discovery,https://wbd.com,Media & Entertainment,Media and entertainment conglomerate,United States,New York,New York,10101-20000,39000M,2022,Public,Consumers; advertisers; content partners,Media + entertainment + streaming,Advertising revenue + subscription revenue + content licensing,Global,Film and TV production; HBO Max; Max streaming; cable networks (CNN; HBO; Discovery); news; sports,Growing,Neutral,Java; AWS; React; data analytics; content management systems,https://www.linkedin.com/company/warner-bros-discovery,Global media company formed from WarnerMedia and Discovery combining HBO; CNN; Discovery+; and major film and TV studios,High
C063,Paramount Global,https://paramount.com,Media & Entertainment,Media and entertainment conglomerate,United States,New York,New York,10101-20000,29000M,1912,Public,Consumers; advertisers; content partners,Media + entertainment + streaming,Advertising revenue + subscription revenue + content licensing,Global,CBS television network; Paramount Pictures film studio; Paramount+ streaming; Pluto TV; Nickelodeon; Comedy Central; news,Growing,Neutral,Java; AWS; React; data analytics; content management systems,https://www.linkedin.com/company/paramount-global,Global media and entertainment company with CBS; Paramount Pictures; Paramount+; Pluto TV; and brands including Nickelodeon and Comedy Central with $29B revenue,High
C064,Verizon Communications,https://verizon.com,Telecommunications,Wireless and wired communications services,United States,New York,New York,10101-20000,138000M,2000,Public,Consumers; businesses; government organizations,Telecommunications services,Service revenue + equipment sales + advertising,North America; Europe; Asia Pacific; Latin America,Wireless voice and data; broadband; 5G network; fiber internet; IoT; managed network services,Growing,Neutral,Java; AWS; data analytics; network infrastructure; 5G technology,https://www.linkedin.com/company/verizon-communications,"Largest U.S. wireless carrier with $138B revenue; 132,200 employees; 146M+ wireless connections; and the most reliable 5G network",High
C065,AT&T Inc,https://att.com,Telecommunications,Wireless and wired communications services,United States,Dallas,Texas,10101-20000,126000M,1983,Public,Consumers; businesses; government organizations,Telecommunications services,Service revenue + equipment sales + advertising,North America; Europe; Latin America,Wireless voice and data; broadband; fiber internet; 5G network; managed networking services,Growing,Neutral,Java; AWS; data analytics; network infrastructure; 5G technology,https://www.linkedin.com/company/att,"Large U.S. telecommunications provider with $126B revenue; 133,000 employees; 118M+ wireless subscribers; and the largest fiber network in America",High
C066,T-Mobile US,https://t-mobile.com,Telecommunications,Wireless communications services,United States,Bellevue,Washington,10101-20000,84000M,2001,Public,Consumers; businesses; government organizations,Telecommunications services,Service revenue + equipment sales + advertising + wholesale,North America; Europe; Latin America,Wireless voice and data; 5G network; broadband internet; IoT; managed services,Growing,Positive,Java; AWS; data analytics; network infrastructure; 5G technology,https://www.linkedin.com/company/t-mobile-us,Largest U.S. wireless carrier by subscribers with $84B revenue; 130M+ customers; and the fastest 5G network in the U.S.,High
C067,PepsiCo Inc,https://pepsico.com,Food & Beverage,Convenience foods and beverages,United States,Purchase,New York,10101-20000,91000M,1965,Public,Consumers; retailers; foodservice businesses,Food and beverage manufacturing and sales,Product sales + franchise revenue + licensing revenue,Global,Snacks (Frito-Lay); beverages (PepsiCo Beverages); Quaker foods; Gatorade; Tropicana; Lay's; Doritos; Pepsi,Growing,Positive,ERP; SAP; AWS; supply chain systems; data analytics; manufacturing,https://www.linkedin.com/company/pepsico,Global food and beverage leader with $91B revenue across snacks; beverages; and nutrition brands including Frito-Lay; Pepsi; Gatorade; Quaker; and Tropicana,High
C068,The Coca-Cola Company,https://coca-colacompany.com,Food & Beverage,Concentrated soft drinks and beverages,United States,Atlanta,Georgia,10101-20000,47000M,1892,Public,Consumers; retailers; bottling partners worldwide,Beverage concentrate and syrup manufacturing and sales,Product sales + concentrate sales + licensing revenue,Global,Soft drinks (Coca-Cola); juice; water; sports drinks (Powerade); energy drinks; ready-to-drink tea and coffee,Stale,Positive,ERP; SAP; AWS; supply chain systems; data analytics; bottling partnerships,https://www.linkedin.com/company/the-coca-cola-company,Largest beverage company in the world with $47B revenue and 200+ brands including Coca-Cola; Sprite; Fanta; Dasani; Powerade; and Costa Coffee,High
C069,Starbucks Corporation,https://starbucks.com,Food & Beverage,Specialty coffee and food retail,United States,Seattle,Washington,10101-20000,36000M,1971,Public,Consumers; businesses,Specialty retail + licensed stores + CPG,Product sales + licensed store revenue + CPG sales,Global,Specialty coffee; handcrafted beverages; food items; merchandise; ready-to-drink CPG products,Growing,Positive,ERP; AWS; data analytics; mobile app; loyalty program (Starbucks Rewards); supply chain,https://www.linkedin.com/company/starbucks,"Global leader in specialty coffee with $36B revenue; 10,100+ employees; 38,000+ stores worldwide; and the Starbucks Rewards loyalty program",High
C070,Pfizer Inc,https://pfizer.com,Pharmaceuticals,Research-based pharmaceuticals,United States,New York,New York,10101-20000,64000M,1849,Public,Patients; healthcare providers; governments; insurers worldwide,Pharmaceuticals research; development; manufacturing; and sales,Product sales + licensing revenue,Global,Prescription medicines; vaccines; consumer healthcare; biologics; oncology; internal medicine; vaccines and immunizations,Stale,Neutral,ERP; SAP; AWS; data analytics; clinical trial systems; manufacturing,https://www.linkedin.com/company/pfizer,Research-based pharmaceutical leader with $64B revenue developing and manufacturing prescription medicines; vaccines; and consumer healthcare products globally,High
C071,Johnson & Johnson,https://jnj.com,Pharmaceuticals + MedTech,Pharmaceuticals and medical devices,United States,New Brunswick,New Jersey,10101-20000,94000M,1886,Public,Patients; healthcare providers; hospitals; pharmacies worldwide,Pharmaceuticals + medical devices + consumer health,Product sales + licensing revenue,Global,Prescription medicines; medical devices; surgical equipment; diagnostics; orthopedics; consumer health (Kenvue spun off),Growing,Positive,ERP; SAP; AWS; data analytics; clinical trial systems; manufacturing; medical device R&D,https://www.linkedin.com/company/johnson-and-johnson,Life sciences leader with $94B revenue across pharmaceuticals and medical devices serving patients in over 175 countries,High
C072,Merck & Co (Merck Sharp & Dohme),https://merck.com,Pharmaceuticals,Research-based pharmaceuticals,United States,Rahway,New Jersey,10101-20000,64000M,1891,Public,Patients; healthcare providers; pharmacies worldwide,Pharmaceuticals research; development; manufacturing; and sales,Product sales + licensing revenue,Global,Prescription medicines; vaccines; biologics; oncology; infectious disease; vaccines; animal health,Stale,Neutral,ERP; SAP; AWS; data analytics; clinical trial systems; manufacturing,https://www.linkedin.com/company/merck-sharp-and-dhome,Research-based pharmaceutical company with $64B revenue developing innovative medicines and vaccines including Keytruda; Gardasil; and Januvia globally,High
C073,Abbott Laboratories,https://abbott.com,Pharmaceuticals + Medical Devices,Medical devices; diagnostics; pharmaceuticals; nutrition,United States,Abbott Park,Illinois,10101-20000,51000M,1888,Public,Patients; healthcare providers; hospitals; laboratories; consumers worldwide,Medical devices + diagnostics + pharmaceuticals + nutrition,Product sales + licensing revenue,Global,Medical devices (cardiovascular; neuromodulation; diabetes); diagnostics; nutritional products; established pharmaceuticals,Growing,Positive,ERP; SAP; AWS; data analytics; clinical trial systems; manufacturing; medical device R&D,https://www.linkedin.com/company/abbott-laboratories,Global healthcare leader with $51B revenue across medical devices; diagnostics; nutrition; and pharmaceuticals including FreeStyle Libre CGM; structural heart devices; and diagnostics tests,High
C074,Microsoft Corporation,https://microsoft.com,Technology,Software; cloud services; hardware and devices,United States,Redmond,Washington,10101-20000,250000M,1975,Public,Consumers; enterprises; developers; governments worldwide,Software + cloud services + hardware + gaming,Software licensing + cloud services (Azure) + hardware sales + subscription revenue + advertising,Global,Windows OS; Office 365; Azure cloud; LinkedIn; Xbox; Surface devices; AI (Copilot); enterprise software,Growing,Positive,Java; .NET; React; AWS; Azure; data analytics; AI; cloud infrastructure; enterprise software,https://www.linkedin.com/company/microsoft,Largest software company in the world with $250B revenue across Windows; Office 365; Azure cloud; LinkedIn; Xbox; Surface; and AI Copilot products,High
C075,Apple Inc,https://apple.com,Technology,Consumer electronics; software; and services,United States,Cupertino,California,10101-20000,390000M,1976,Public,Consumers; businesses; developers; governments worldwide,Consumer electronics + software + services,Product sales + services revenue (App Store; iCloud; Apple Music; etc.); subscription revenue,Global,iPhone; Mac; iPad; Apple Watch; Apple TV; AirPods; iOS; macOS; App Store; Apple Music; iCloud; Apple Pay; services,Growing,Positive,Java; C; C++; Swift; React; AWS; data analytics; hardware design; supply chain; services infrastructure,https://www.linkedin.com/company/apple,Largest company by market capitalization with $390B revenue across iPhone; Mac; iPad; Apple Watch; AirPods; and services including the App Store; Apple Music; iCloud; and Apple Pay,High
C076,State Farm Insurance,https://statefarm.com,Insurance,Property and casualty insurance,United States, Bloomington, Illinois,10101-20000,150000M,1922,Private,Individual consumers; businesses; auto and home insurance customers,Insurance,Insurance premiums; investment income,North America; Europe; Asia Pacific; Latin America,Property; casualty; auto; life; health; reinsurance,Growing,Positive,Java; AWS; data analytics; claims systems,https://www.linkedin.com/company/state-farm,"The largest property and casualty insurance company in the U.S. with $150B+ revenue; 10,100+ employees; and approximately $1.9 trillion in assets",High
C077,Progressive Group,https://progressive.com,Insurance,Casualty insurance and financial services,United States,Mayfield Village,Ohio,10101-20000,126000M,1937,Public,Individual consumers; businesses; auto and home insurance customers,Insurance,Insurance premiums; investment income,North America; Canada; Europe; Latin America,Property; casualty; auto; home; motorcycle; boat; RV; commercial auto,Growing,Positive,Java; AWS; data analytics; web platforms; claims systems,https://www.linkedin.com/company/progressive-group,"Second-largest U.S. auto insurer by market share with $126B+ revenue; 10,100+ employees; and 26.8M policies in force",High
C078,Allstate Insurance,https://allstate.com,Insurance,Property and casualty insurance and financial services,United States, Northbrook, Illinois,10101-20000,57000M,1931,Public,Individual consumers; businesses; auto and home insurance customers,Insurance,Insurance premiums; investment income,North America; Europe; Latin America,Property; casualty; auto; home; life; retirement; investment products,Growing,Positive,Java; AWS; data analytics; mobile apps; claims systems,https://www.linkedin.com/company/allstate,"Leading U.S. personal lines insurer with $57B+ revenue; 10,100+ employees; and 17.8M direct auto customers",High
C079,MetLife Inc,https://metlife.com,Insurance,Life and health insurance and employee benefits,United States,New York,New York,10101-20000,76000M,1868,Public,Individuals; employers; institutions; governments worldwide,Life and health insurance,Insurance premiums; investment income; fees,North America; Europe; Asia Pacific; Latin America; Middle East; Africa,Life insurance; annuities; employee benefits; dental; group health,Growing,Positive,Java; AWS; data analytics; actuarial systems; policy administration,https://www.linkedin.com/company/metlife,"One of the world's largest life insurers with $76B+ revenue; 10,100+ employees; and a #1 or #2 market position in over 60 countries",High
C080,Prudential Financial Inc,https://prudential.com,Insurance,Life insurance and retirement solutions,United States,Newark,New Jersey,10101-20000,70000M,1875,Public,Individuals; institutions; employers; retirees worldwide,Life and retirement insurance,Insurance premiums; investment income; fees,North America; Asia Pacific; Europe; Latin America,Life insurance; annuities; retirement planning; group insurance; mutual funds,Growing,Positive,Java; AWS; data analytics; actuarial systems; retirement platforms,https://www.linkedin.com/company/prudential-financial,"Leading U.S. life insurer and retirement services provider with $70B+ revenue; 10,100+ employees; and $1.5 trillion in assets",High
C081,Travelers Companies Inc,https://travelers.com,Insurance,Property and casualty insurance,United States,New York,New York,10101-20000,46000M,1853,Public,Individuals; businesses; commercial clients; governments,Insurance,Insurance premiums; investment income,North America; Europe; Latin America,Property; casualty; commercial; professional liability; executive; workers compensation,Growing,Positive,Java; AWS; data analytics; claims systems; web platforms,https://www.linkedin.com/company/travelers,"Leading U.S. property and casualty insurer with $46B+ revenue; 10,100+ employees; and 30,000+ independent agents",High
C082,Nintendo Co Ltd,https://nintendo.com,Gaming,Video game hardware and software development, Japan,Kyoto,Kyoto (Japan),10101-20000,15000M,1889,Public,Global consumers; gamers; families worldwide,Gaming + entertainment,Product sales; software licensing; content royalties; merchandising; licensing royalties,Global,Video game consoles (Switch); handheld gaming; game software; mobile apps; character licensing; arcade games,Growing,Positive,C; C++; Unity; Unreal Engine; AWS; proprietary game engines,https://www.linkedin.com/company/nintendo,Largest video game company by revenue with $15B+ annual revenue; pioneer of home and handheld gaming; creator of Mario; Zelda; Pokémon; Animal Crossing franchises,High
C083,Sony Interactive Entertainment,https://sony.com,Gaming,Video game platform and publishing, United States,San Mateo,California,10101-20000,29900M,1993,Public,Global consumers; gamers; developers; publishers worldwide,Gaming + digital entertainment,Product sales; digital content sales; subscription services; online gaming revenue,Global,PlayStation consoles; PlayStation Network; digital games; PlayStation Plus subscriptions; first-party and third-party publishing,Growing,Positive,C; C++; React; AWS; Google Cloud; proprietary gaming platforms; game engines,https://www.linkedin.com/company/sony-interactive-entertainment,World's largest video game publisher and platform company with $29.9B revenue; creator of PlayStation; God of War; The Last of Us; Spider-Man franchises,High
C084,Electronic Arts Inc,https://ea.com,Gaming,Video game publishing and development, United States, Redwood City, California,10101-20000,8000M,1982,Public,Console; PC; mobile gamers; sports fans worldwide,Gaming + digital entertainment,Product sales; digital content; subscriptions; in-game purchases; advertising,Global,Console; PC and mobile game publishing; EA Sports; FIFA/EA Sports FC; Madden NFL; Battlefield; The Sims; Apex Legends,Growing,Neutral,C; C++; Unity; Unreal; AWS; proprietary game engines; online services,https://www.linkedin.com/company/electronic-arts,"Leading global video game publisher and developer with $8B revenue; 8,000+ employees; and franchises including The Sims; Apex Legends; Battlefield; and EA Sports FC",High
C085,Take-Two Interactive Software,https://take2games.com,Gaming,Video game publishing and interactive entertainment, United States, New York, New York,10101-20000,6700M,1993,Public,Console; PC; mobile gamers; sports fans; entertainment consumers worldwide,Gaming + digital entertainment,Product sales; digital content; in-game purchases; subscriptions; advertising revenue,Global,Grand Theft Auto; Red Dead Redemption; NBA 2K; WWE 2K; Borderlands; Civilization; Zynga mobile games,Growing,Positive,C; C++; Unity; Unreal; AWS; proprietary engines; online services,https://www.linkedin.com/company/take-two-interactive,Major video game publisher with $6.7B revenue; owner of Rockstar Games; 2K; and Zynga; creator of Grand Theft Auto; NBA 2K; and Borderlands franchises,High
C086,Accenture plc,https://accenture.com,Professional Services,Information technology consulting and outsourcing, Ireland,Dublin,Dublin (Ireland), 50101-100000,64000M,1989,Public,Enterprises; governments; organizations worldwide,IT consulting + outsourcing + services,Professional services revenue; outsourcing; digital transformation; managed services,Global,Strategy; consulting; digital; technology; operations; Accenture Song; cloud; AI; cybersecurity; data analytics,Growing,Positive,Java; .NET; React; Python; AWS; Azure; SAP; Salesforce; data analytics; AI/ML,https://www.linkedin.com/company/accenture,"Largest global IT consulting firm with $64B revenue; 799,000+ employees across 120+ countries; and combined consulting+C+R capacity across 100+ industries",High
C087,Deloitte Touche Tohmatsu,https://deloitte.com,Professional Services,Professional services; audit; consulting; financial advisory; risk advisory, United Kingdom,London,London (UK), 50101-100000,70000M,1845,Public,Enterprises; governments; public sector; organizations worldwide,Professional services + consulting,Professional services revenue; audit; consulting; tax; advisory; risk advisory,Global,Audit; consulting; strategy; operations; technology; human capital; financial advisory; risk advisory; tax,Growing,Positive,Java; .NET; React; Python; AWS; Azure; SAP; Salesforce; data analytics; AI/ML,https://www.linkedin.com/company/deloitte,"Largest professional services network with $70B+ revenue; 470,000+ professionals across 150+ countries; and #1 strategy and management consulting revenue globally",High
C088,ADP LLC,https://adp.com,Professional Services,Human capital management and payroll services, United States,Roseland,New Jersey,50101-100000,17000M,1949,Public,Employers; businesses; organizations worldwide,Payroll + HCM + HR + benefits services,Subscription + transaction fees + service fees + software-as-a-service,Global,Payroll services; HR; time and attendance; talent management; benefits administration; retirement services,Growing,Positive,Java; .NET; React; AWS; Oracle; Salesforce; data analytics; HR/payroll systems,https://www.linkedin.com/company/adp,"Leading global HCM and payroll provider with $17B+ revenue; 50,000+ employees; and serving 1 in 6 U.S. workers plus millions of businesses globally",High
C089,Capgemini SE,https://capgemini.com,Professional Services,Information technology services and consulting, France,Paris,Paris (France),25101-50000,24000M,1967,Public,Enterprises; governments; organizations worldwide,IT consulting + services + outsourcing,Professional services revenue; IT engineering; digital transformation; managed services; cloud; cybersecurity,Global,IT services; cloud engineering; SAP; digital transformation; cybersecurity; data analytics; AI/ML,Growing,Positive,Java; .NET; Python; AWS; Azure; SAP; Salesforce; data platforms; AI,https://www.linkedin.com/company/capgemini,"Global IT services leader with $24B revenue; 360,000+ employees across 50+ countries; and expertise in cloud; digital; SAP; cybersecurity; and data/AI",High
C090,Philip Morris International Inc,https://pmi.com,Tobacco + Nicotine,Smoke-free tobacco and nicotine products,United States,Stamford,Connecticut,10101-20000,40000M,1847,Public,Adult smokers; nicotine consumers; retailers worldwide,Tobacco + nicotine products,Product sales; smoke-free product sales; combustibles sales,Global,Cigarettes; heated tobacco (IQOS); nicotine pouches (ZYN); IQOS devices; oral nicotine products; combustibles,Growing,Positive,ERP; SAP; AWS; supply chain; data analytics; manufacturing; R&D,https://www.linkedin.com/company/philip-morris-international,"Leading international tobacco company with $40B+ revenue; 84,900 employees; and leading smoke-free portfolio (IQOS, ZYN) across 106+ markets",High
C091,British American Tobacco plc,https://bat.com,Tobacco + Nicotine,Tobacco and nicotine products, United Kingdom,London,London (UK),25101-50000,32000M,1902,Public,Adult smokers; nicotine consumers; retailers worldwide,Tobacco + nicotine products,Product sales; combustibles; nicotine delivery products,Global,Cigarettes; vapes; nicotine pouches; oral tobacco; combustibles; velo; Vuse,Growing,Neutral,ERP; SAP; AWS; supply chain; manufacturing; data analytics,https://www.linkedin.com/company/british-american-tobacco,"Large international tobacco company with $32B+ revenue; 30,000+ employees; and brands including Vuse; glo; Velo; and traditional cigarettes in 180+ markets",Medium
C092,Diageo plc,https://diageo.com,Alcohol + Beverage,Premium spirits and beer global leader, United Kingdom,London,London (UK),10101-20000,20000M,1997,Public,Consumers; retailers; on-premise venues; hospitality businesses worldwide,Alcohol and beverage,Product sales; marketing; distribution partnerships,Global,Premium spirits (Johnnie Walker; Smirnoff; Guinness; Tanqueray; Captain Morgan; Ciroc; Don Julio; Baileys); beer,Growing,Positive,ERP; SAP; AWS; supply chain; data analytics; brand marketing; e-commerce,https://www.linkedin.com/company/diageo,"Largest global premium spirits company with $20B+ revenue; 27,000+ employees; and portfolio of 200+ brands including Johnnie Walker; Guinness; Smirnoff; Tanqueray; Ciroc; Baileys",High
C093,Heineken International,https://heineken.com,Alcohol + Beverage,Beer and beverage company, Netherlands,Amsterdam,Amsterdam (Netherlands),10101-20000,30000M,1864,Public,Consumers; retailers; hospitality businesses worldwide,Beer and non-alcoholic beverages,Product sales; brand portfolio; brewing; distribution,Global,Beer brands (Heineken; Desperados; Strongbow; Amstel); non-alcoholic beer; cider; premium international brands,Growing,Positive,ERP; SAP; supply chain systems; data analytics; brewing operations; sustainability,https://www.linkedin.com/company/heineken,"Heineken is a global brewer with $30B revenue; 78,000 employees; and brands including Heineken; Desperados; Strongbow; and a portfolio of 200+ local and international beers",High
C094,Marriott International Inc,https://marriott.com,Hospitality,Hotel franchise management and loyalty programs, United States,Bethesda,Maryland,10101-20000,24000M,1927,Public,Travelers; business travelers; consumers; hotel owners worldwide,Hospitality and hotel management,Franchise fees; management fees; loyalty program revenue; other fees,Global,Hotel management; franchising; licensing; Bonvoy loyalty program; travel and tourism services,Growing,Positive,Java; React; iOS; Android; AWS; Oracle; data analytics; CRM; loyalty platforms,https://www.linkedin.com/company/marriott-international,"Largest hotel company in the world with $24B+ revenue; 414,000+ associates; and 1.5M+ rooms across 9,800+ properties in 145 countries",High
C095,Hilton Worldwide Holdings Inc,https://hilton.com,Hospitality,"Hotel ownership, management and franchising", United States,McLean,Virginia,10101-20000,10000M,1919,Public, travelers; business travelers; consumers; hotel owners worldwide,Hospitality and hotel management,Franchise fees; management fees; loyalty program revenue; property operations,Global,Hotel management; franchising; licensing; Hilton Honors loyalty program; travel services,Growing,Positive,Java; React; iOS; Android; AWS; Oracle; data analytics; CRM; loyalty platforms,https://www.linkedin.com/company/hilton-worldwide,"Hilton is a global hospitality leader with $10B+ revenue; 1.1M+ rooms across 7,000+ properties in 123 countries; and 120M+ Hilton Honors members",High
C096,InterContinental Hotels Group plc,https://ihg.com,Hospitality,Hotel management and franchising, United Kingdom,Windsor,Berkshire (UK),10101-20000,6000M,1777,Public, travelers; business travelers; consumers; hotel owners worldwide,Hospitality and hotel management,Franchise fees; management fees; loyalty program revenue; other fees,Global,Hotel management; franchising; IHG One Rewards loyalty; hotel operations and services,Growing,Positive,Java; React; iOS; Android; AWS; data analytics; CRM; loyalty systems,https://www.linkedin.com/company/ihg-hotels-and-resorts,"Large hotel company with $6B+ revenue; 325,000+ employees; 6,600+ hotels in 100+ countries; and IHG One Rewards with 145M+ members",High
C097,A10 Networks,https://a10networks.com,Developer Tools,Network security and application delivery software, United States,San Jose,California,101-250,100M,2004,Private, Enterprises; cloud providers; data centers; IT organizations,Network security + application delivery,Software licensing; subscriptions; professional services,North America; Europe; Asia Pacific,Network security; DDoS protection; application delivery; SSL; bot management; cloud networking,Growing,Positive,Java; C; Go; AWS; Azure; Linux; cloud security platforms,https://www.linkedin.com/company/a10-networks,Priority network security and application delivery company with $100M+ revenue and solutions for cloud; on-prem; DDoS; WAF; API security and bot mitigation,High
C098,Postman,https://postman.com,Developer Tools,API collaboration and development platform, United States, San Francisco, California,501-1000,100M,2014,Private, Developers; organizations; enterprises worldwide,Developer platform and tools,Subscription; SaaS; enterprise licensing,Global,API testing; API collaboration; mock servers; monitoring; documentation; API-first workflows; enterprise API governance,Growing,Positive,JavaScript; Python; Go; AWS; React; data analytics; developer tools,https://www.linkedin.com/company/postman,"Leading API collaboration platform with $100M+ revenue; 50,000+ developer teams; and products for API testing; mocking; monitoring; documentation and collaboration",High
C099,Grafana Labs,https://grafana.com,Developer Tools,Observability and data visualization, United States, New York, New York,50101-100000,250M,2014,Private, DevOps; SRE; data engineers; IT teams; cloud providers,Developer tools + observability,Subscription; open-source support; enterprise; SaaS,Global,Metrics visualization; logs; traces; alerts; dashboards; observability platforms; Sift AI,Growing,Positive,Go; React; Kubernetes; PostgreSQL; AWS; Azure; data visualization; observability,https://www.linkedin.com/company/grafana-labs,"Leading open-source observability platform with $250M revenue; 50,000+ active organizations; and Grafana; Loki; Tempo; and Mimir observability stack used by millions",High
C100,HashiCorp,https://hashicorp.com,Developer Tools,Infrastructure automation and security software, United States, San Francisco, California,501-1000,250M,2012,Private, Enterprises; cloud providers; DevOps; IT organizations,Developer tools + infrastructure software,Subscription; enterprise licensing; SaaS offerings,Global,Terraform; Vault; Consul; Nomad; Boundary; HCP cloud platforms; infrastructure as code; secrets management; multi-cloud automation,Growing,Positive,Go; Python; React; AWS; Azure; GCP; cloud infrastructure; security; automation,https://www.linkedin.com/company/hashicorp,Leading infrastructure automation and security company with $250M revenue; and products including Terraform; Vault; Consul; Nomad; and HCP cloud platform,High
C101,Circle Internet Financial,https://circle.com,FinTech,Payment and stablecoin infrastructure, United States,Boston,Massachusetts,501-1000,500M,2013,Private, Businesses; developers; enterprises; Web3 companies worldwide,FinTech + payments + stablecoin,Payment processing; USDC stablecoin; treasury services; API-based payments,US; Europe; Asia-Pacific; Latin America,USDC stablecoin; payment APIs; treasury and cash management; programmable wallets; cross-border payments,Growing,Positive,Go; Python; React; AWS; Ethereum; blockchain; payment infrastructure; compliance,https://www.linkedin.com/company/circle-internet-financial,Stablecoin issuer and payment infrastructure company with $500M+ revenue; USDC is one of the largest regulated stablecoins; and API-based USDC payment infrastructure,High
C102,Arista Networks,https://arista.com,Developer Tools / Networking,Networking and cloud switching hardware and software, United States,Santa Clara,California,501-1000,5000M,2004,Public,Data center operators; cloud providers; enterprises; IT organizations,Networking hardware + software,Product sales; software subscriptions; support; services,North America; Europe; Asia Pacific,Data center networking; cloud switching; EOS software; cloud observability; analytics; network automation,Growing,Positive,C; Linux; EOS; cloud networking; Python; SDN; network analytics,https://www.linkedin.com/company/arista-networks,"Leading cloud networking and data center switching company with $5B+ revenue; 5,000+ employees; and cloud network operating system (EOS) used by major cloud providers",High
C103,Panera Bread Company,https://panerabread.com,Restaurant,Fast-casual bakery-cafe chain, United States,Louisville,Kentucky,50101-100000,7000M,1987,Public, Consumers; business; families; office workers; catering customers,Restaurant and bakery-cafe,Product sales; franchise royalty fees; catering and delivery services sales,North America,Delivery; catering; bakery-cafe sandwiches; soups; salads; coffee; breads; fresh food; meal subscriptions,Growing,Positive,POS systems; AWS; data analytics; mobile ordering; loyalty program; supply chain,https://www.linkedin.com/company/panera-bread,"Large fast-casual bakery-cafe chain with $7B revenue; 50,000+ employees; and 2,000+ locations across the U.S. including delivery and catering services",High
C104,Chipotle Mexican Grill,https://chipotle.com,Restaurant,Fast-casual restaurant chain, United States,Newport Beach,California,50101-100000,10000M,1991,Public,Consumers; families; office workers; Gen Z and millennials,Restaurant and fast-casual dining,Product sales; delivery; pickup; digital orders; catering sales,North America,Delivery; pickup; digital ordering; Chipotlane drive-thru; loyalty program; meal kits,Growing,Positive,POS systems; AWS; data analytics; mobile ordering; supply chain; loyalty systems,https://www.linkedin.com/company/chipotle,"Second-largest fast-casual restaurant chain with $10B revenue; 50,000+ employees; 3,300+ locations; and Chipotlane digital drive-thru, loyalty and delivery",High
C105,Domino's Pizza Inc,https://dominos.com,Restaurant,Fast-food pizza delivery and carryout, United States,Ann Arbor,Michigan,50101-100000,20000M,1960,Public,Consumers; families; office workers; corporate catering customers,Restaurant and pizza delivery,Product sales; delivery; carryout; online and app orders; corporate sales; franchise royalties,Global,Delivery; carryout; online ordering; app ordering; Domino's Tracker; delivery technology; AI ordering; loyalty,Growing,Positive,POS and ordering systems; AWS; data analytics; mobile apps; supply chain; fleet management,https://www.linkedin.com/company/dominos-pizza-inc,"Largest pizza company in the world by sales with $20B revenue; 50,000+ employees; 20,000+ locations in 90+ countries; and Domino's Tracker technology",High
C106,Yum! Brands Inc,https://yum.com,Restaurant,Fast-food restaurant franchises, United States,Plano,Texas,50101-100000,7000M,1997,Public,Consumers; families; franchisees; international partners worldwide,Restaurant and franchising,Product sales; franchise royalties; KFC; Taco Bell; Pizza Hut; Habit Burger; WingStreet; Yum! Brands product revenues,Global,KFC; Taco Bell; Pizza Hut; Habit Burger Grill; WingStreet; Yum! Brands franchising and company-operated restaurants,Growing,Positive,POS systems; AWS; data analytics; franchise operations; supply chain; loyalty programs,https://www.linkedin.com/company/yum-brands,"Largest restaurant company by units with $7B revenue; 50,000+ employees; and 45,000+ locations worldwide including KFC; Taco Bell; Pizza Hut; and Habit Burger",High
C107,Raytheon Technologies Corporation,https://rtx.com,Aerospace & Defense,Aerospace and defense products and services, United States,Arlington,Virginia,10101-20000,89000M,1922,Public,Governments; defense departments; airlines; businesses; organizations worldwide,Aerospace and defense,Defense contracts; product sales; services; commercial aerospace; parts and services revenue,Global,Defense products; aerospace systems; Raytheon missile systems; Collins Aerospace; Pratt & Whitney aircraft engines; cybersecurity services,Growing,Neutral,ERP; SAP; AWS; aerospace engineering; defense systems; supply chain; data analytics,https://www.linkedin.com/company/rtx-corporation,"Second-largest aerospace and defense company globally with $89B revenue; 180,000 employees; and Collins Aerospace; Pratt & Whitney; and Raytheon defense businesses",High
C108,Lockheed Martin Corporation,https://lockheedmartin.com,Aerospace & Defense,Aerospace and defense products and services, United States,Bethesda,Maryland,10101-20000,75000M,1912,Public,Governments; defense departments; space agencies; businesses; organizations worldwide,Aerospace and defense,Defense contracts; product sales; services; sustainment; IT services revenue,Global,Aerospace systems; defense systems; F-35 fighter; missile systems; radar; space systems; cybersecurity; IT services,Growing,Positive,ERP; SAP; AWS; aerospace engineering; defense systems; supply chain; data analytics,https://www.linkedin.com/company/lockheed-martin,"Largest defense contractor in the world with $75B revenue; 10,100+ employees; and F-35; missile systems; space; radar; cybersecurity and IT services",High
C109,Boeing Company,https://boeing.com,Aerospace & Defense,Aerospace and defense products and services, United States,Chicago,Illinois,10101-20000,90000M,1916,Public,Governments; defense departments; airlines; space agencies; businesses; organizations worldwide,Aerospace and defense,Commercial airplanes; defense contracts; space systems; services and parts revenue; global services,Global,Commercial airplanes; defense systems; space exploration; satellite systems; aviation services; sustainment; parts and services,Growing,Positive,ERP; SAP; AWS; aerospace engineering; defense systems; supply chain; data analytics,https://www.linkedin.com/company/boeing,"Second-largest aerospace and defense company in the world with $90B revenue; 10,100+ employees; and commercial airplanes; defense; space exploration; and aviation services",High
C110,General Dynamics Corporation,https://generaldynamics.com,Aerospace & Defense,Aerospace and defense products and services, United States,Falls Church,Virginia,10101-20000,45000M,1952,Public,Governments; defense departments; space agencies; businesses; organizations worldwide,Aerospace and defense,Defense contracts; product sales; services; IT services; Gulfstream business aviation revenue,Global,Aerospace systems; defense systems; combat vehicles; marine systems; IT services; Gulfstream jets; missile systems,Growing,Positive,ERP; SAP; AWS; aerospace engineering; defense systems; supply chain; data analytics,https://www.linkedin.com/company/general-dynamics,"Large aerospace and defense contractor with $45B revenue; 10,100+ employees; and businesses in aerospace, combat vehicles, marine systems, IT services and Gulfstream jets",High
C111,Deere & Company,https://johndeere.com,Manufacturing,Agricultural and construction equipment manufacturing, United States,Moline,Illinois,10101-20000,45000M,1837,Public,Agricultural producers; construction companies; forestry businesses; turf and utility businesses,Agricultural and construction equipment,Product sales; financing; aftermarket parts; technology services,US; Canada; South America; Europe; Asia Pacific,Agricultural equipment; construction equipment; turf equipment; forestry equipment; precision agriculture technology; autonomous systems,Growing,Positive,ERP; SAP; AWS; IoT; data analytics; manufacturing; precision ag; autonomous systems,https://www.linkedin.com/company/john-deere,"Industry leader in agricultural and construction equipment with $45B revenue; 73,100 employees; 4,500+ dealers; andautonomous tractors and precision agriculture technology",High
C112,Toyota Motor Corporation,https://toyota.com,Manufacturing,Automotive manufacturing, Japan,Toyota City,Aichi (Japan),10101-20000,270000M,1937,Public,Consumers; businesses; automakers; automakers worldwide,Automotive manufacturing and sales,Product sales; financial services; parts and accessories sales,US; Europe; Asia Pacific; South America; Africa,Cars; trucks; SUVs; hybrids; EVs; fuel cell vehicles; automotive parts; Toyota Financial Services,Growing,Positive,ERP; SAP; AWS; robotics; AI; autonomous driving; manufacturing; supply chain,https://www.linkedin.com/company/toyota,"Largest automaker by volume with $270B+ revenue; 389,000+ employees; 2,700+ dealerships; and global leadership in hybrids; fuel cells; and electric vehicles",High
C113,Volkswagen AG,https://vw.com,Manufacturing,Automotive manufacturing and mobility, Germany,Wolfsburg,Saxony (Germany),10101-20000,320000M,1937,Public,Consumers; businesses; automakers; financial services customers worldwide,Automotive manufacturing and sales,Product sales; financial services; parts and accessories sales,US; Europe; South America; Asia Pacific; Africa,Cars; trucks; SUVs; EVs; commercial vehicles; Audi; Porsche; Lamborghini; Bentley; Ducati; Scania; Volkswagen Financial Services,Growing,Positive,ERP; SAP; AWS; autonomous driving; manufacturing; supply chain; data analytics; digital services,https://www.linkedin.com/company/volkswagen-ag,"Second largest automaker globally with $320B+ revenue; 656,000+ employees; and 10 brands including Volkswagen; Audi; Porsche; Lamborghini; Bentley and Scania",High
C114,Ford Motor Company,https://ford.com,Manufacturing,Automotive manufacturing, United States,Dearborn,Michigan,10101-20000,150000M,1903,Public,Consumers; businesses; fleet and commercial customers worldwide,Automotive manufacturing and sales,Product sales; financial services; parts and accessories sales,US; Europe; South America; Middle East; Africa,Cars; trucks; SUVs; EVs; Ford Pro commercial vehicles; Lincoln vehicles; Ford Credit; parts and accessories,Growing,Positive,ERP; SAP; AWS; autonomous driving; manufacturing; supply chain; EVs; data analytics,https://www.linkedin.com/company/ford-motor-company,"Large automaker with $150B+ revenue; 169,000 employees; with Ford Blue; Ford Model e; and Ford Pro divisions and global manufacturing footprint",High
C115,GM General Motors Company,https://gm.com,Manufacturing,Automotive manufacturing, United States,Detroit,Michigan,10101-20000,160000M,1908,Public,Consumers; businesses; fleet and commercial customers worldwide,Automotive manufacturing and sales,Product sales; financial services; parts and accessories sales,US; Canada; South America; China; Middle East; Africa,Cars; trucks; SUVs; EVs; Chevrolet; GMC; Cadillac; Buick; Cruise autonomous; BrightDrop commercial EVs,Growing,Positive,ERP; SAP; AWS; autonomous driving; manufacturing; supply chain; EVs; Ultium platform; data analytics,https://www.linkedin.com/company/general-motors,"Large automaker with $160B+ revenue; 162,000 employees; and brands Chevrolet; GMC; Cadillac; Buick; Cruise autonomous; and BrightDrop EVs",High
C116,Samsung Electronics,https://samsung.com,Technology,Semiconductors; electronics; digital appliances; mobile devices, South Korea,Suwon,Gyeonggi (South Korea),10101-20000,230000M,1969,Public,Consumers; businesses; enterprises; governments; telecom providers worldwide,Electronics manufacturing and technology,Product sales; semiconductor sales; marketing services; R&D; services revenue,Global,Smartphones; TVs; digital appliances; semiconductors (memory; systems); displays; home appliances; network systems,Growing,Positive,Java; Kotlin; Swift; React; AWS; Azure; data analytics; mobile ecosystem; semiconductor manufacturing,https://www.linkedin.com/company/samsung-electronics,"Largest electronics and semiconductor company with $230B+ revenue; 100,000+ employees; and #1 in memory chips; smartphones; and displays globally",High
C117,Intel Corporation,https://intel.com,Technology,Semiconductor design and manufacturing, United States,Santa Clara,California,50101-100000,53000M,1968,Public,Consumers; businesses; enterprises; data centers; governments; telecom providers worldwide,semiconductor design and manufacturing,Product sales; design and IP royalties; foundry services,US; Europe; Asia Pacific,PC CPUs; data center CPUs; GPUs; networking silicon; foundry services; AI accelerators; autonomous driving,Growing,Neutral,C; C++; Python; AWS; Azure; data analytics; semiconductor design; manufacturing; AI,https://www.linkedin.com/company/intel,"Large semiconductor company with $53B revenue; 100,000+ employees; and x86 CPU; GPU; networking; and foundry businesses in PCs; data centers; and AI",Medium
C118,SK Hynix Inc,https://skhynix.com,Technology,Semiconductor memory and solutions, South Korea,Icheon,Gyeonggi (South Korea),10101-20000,60000M,1983,Public,Consumers; businesses; enterprises; data centers; electronics manufacturers worldwide,Semiconductor memory and solutions,Product sales; memory solutions; semiconductor solutions; packaged solutions,US; Europe; Asia Pacific; South Korea,Memory (DRAM; NAND flash); HBM; SSDs; system solutions; memory modules; semiconductor packaging,Growing,Positive,Java; C++; Python; AWS; data analytics; semiconductor manufacturing; AI memory; HBM,https://www.linkedin.com/company/sk-hynix,"Second largest memory semiconductor company globally with $60B revenue; 30,000+ employees; and world-leading DRAM; HBM; and NAND flash memory manufacturing",High
C119,NVIDIA Corporation,https://nvidia.com,Technology,AI; data center; automotive; professional visualization; gaming GPUs, United States,Santa Clara,California,50101-100000,165000M,1993,Public,Enterprises; cloud providers; AI labs; developers; gamers; automotive companies; professional visualization customers,Data center and AI computing,Product sales; data center; automotive; gaming; professional visualization; OEM and IP revenue; software and services revenue,Global,Data center GPUs; AI training and inference; gaming GPUs; automotive AI platforms; DGX systems; networking; AI enterprise software;Cola,Stale,Neutral,C; CUDA; Python; Go; Rust; Linux; data analytics; AI/ML; cloud computing; networking,https://www.linkedin.com/company/nvidia-corporation,"World's largest AI and accelerated computing company with $165B+ revenue; 50,000+ employees; and #1 position in AI training; inference; data center GPUs; automotive AI; professional visualization; and gaming GPUs",High
C120,Taiwan Semiconductor Manufacturing Company,https://tsmc.com,Technology,Semiconductor manufacturing and foundry services, Taiwan,Hsinchu,Hsinchu (Taiwan),10101-20000,120000M,1987,Public,Semiconductor designers; enterprises; data centers; cloud providers; governments; telecom operators worldwide,Semiconductor manufacturing and foundry services,Product sales; foundry services; advanced packaging; mask shop services; testing and assembly services,US; Europe; Asia Pacific; Taiwan,Advanced logic and specialty chip manufacturing; 3nm; 5nm; 7nm; 12nm; 16nm; advanced packaging (CoWoS; InFO); mask technology; semiconductor fabrication,Growing,Positive,Java; Python; data analytics; semiconductor manufacturing; cleanroom operations; advanced process technology; global supply chain,https://www.linkedin.com/company/taiwan-semiconductor-manufacturing-company,"Largest pure-play semiconductor foundry in the world with $120B revenue; 70,000+ employees; and manufacturing advanced logic and specialty chips for 500+ customers including Apple; AMD; NVIDIA; Qualcomm; and Intel",High
C121,Northrop Grumman,https://northropgrumman.com,Aerospace & Defense,"Aerospace systems, defense electronics, cyber, space systems",United States,Falls Church,Virginia,501-1000,39000M,2000,Public,US Department of Defense; intelligence agencies,B2B Services,Contract/Project,North America,"Ballistic missile defense, combat systems, space systems",Stable,Positive,C++;Python;Linux;AWS,https://www.linkedin.com/company/northrop-grumman,Leading global aerospace and defense technology company specializing in advanced systems for government and military,Low
C122,BAE Systems,https://baesystems.com,Aerospace & Defense,"Defense, security, aerospace manufacturing",United Kingdom,Farnborough,Hampshire,1001-5000,29000M,1999,Public,UK and allied governments; defense organizations,B2B Services,Contract/Project,Europe + Global,"Armored vehicles, electronics, naval systems, cyber",Stable,Positive,C;C++;Python;Linux;AWS,https://www.linkedin.com/company/bae-systems,"Global defense, security and aerospace company providing advanced systems and services to governments and militaries",Low
C123,L3Harris Technologies,https://l3harris.com,Aerospace & Defense,"Defense electronics, communication, avionics, space systems",United States,Melbourne,Florida,101-250,18000M,2019,Public,US DoD; intelligence; tactical communication,B2B Services,Contract/Project,North America,"Tactical communications, avionics, night vision, space systems",Stable,Positive,C++;Python;Linux;RTOS,https://www.linkedin.com/company/l3harris-technologies,"Providing next-gen sensing, communications, and electronic warfare solutions for defense and space missions",Low
C124,Capital One Financial,https://capitalone.com,Banking,"Credit cards, auto finance, digital banking",United States,McLean,Virginia,501-1000,38000M,1994,Public,Consumers; small businesses,B2C + B2B,Subscription + interest income,North America,"Credit cards, savings/checking accounts, auto loans, cloud banking",Growing,Positive,AWS;Java;Python;React,https://www.linkedin.com/company/capital-one,Leading digital bank focused on credit cards and consumer finance with a cloud-first technology stack,High
C125,TD Bank Group,https://td.com,Banking,"Retail and commercial banking, wealth management",Canada,Toronto,Ontario,10001-50000,40000M,1855,Public,Consumers; small and large businesses; wealth clients,Banking,Interest income + fees,North America,"Personal banking, commercial lending, wealth management",Stable,Positive,Java;Python;Cloud;CRM,https://www.linkedin.com/company/td-bank,"Major North American bank offering personal banking, business services, wealth management and insurance products",Medium
C126,Prudential Financial,https://prudential.com,Insurance,"Life insurance, retirement, and investment management",United States,Newark,New Jersey,501-1000,70000M,1875,Public,Consumers; institutional investors; retirement plan sponsors,B2C + B2B,Premiums + investment income,Global,"Life insurance, retirement annuities, asset management",Stable,Positive,Java;C++;SOA;Cloud;Data,https://www.linkedin.com/company/prudential-financial,"Financial services leader providing life insurance, retirement solutions, and investment management globally",Low
C127,Liberty Mutual Insurance,https://libertymutual.com,Insurance,Personal and commercial property and casualty insurance,United States,Boston,Massachusetts,501-1000,45000M,1912,Mutual,Individuals; businesses; organizations,B2C + B2B,Premiums,North America + Global,"Home, auto, business, workers comp, liability, pet insurance",Stable,Positive,Actuarial;Underwriting;Digital;Analytics,https://www.linkedin.com/company/liberty-mutual,"Leading personal and commercial property and casualty insurer serving individuals, families, and businesses worldwide",Low
C128,Unity Technologies,https://unity.com,Developer Tools,Real-time 2D/3D content creation and runtime engine,United States,San Francisco,California,101-250,1600M,2004,Public,Game developers; automotive; film; architecture; simulation,B2B SaaS,Subscription,Global,"Game engine, real-time 3D creation, AI tools, multiplay, simulation",Growing,Positive,C++;C#;AWS;Mobile;AI/ML,https://www.linkedin.com/company/unity-technologies,"Real-time 3D development platform powering games, simulations, automotive experiences, and digital twin content creation",High
C129,PTC Inc.,https://ptc.com,Developer Tools,"CAD, PLM, IoT, augmented reality software for manufacturers",United States,Boston,Massachusetts,101-250,2000M,1985,Public,Manufacturing; engineering; product development teams,B2B SaaS,Subscription,Global,"CAD, product lifecycle management, IoT, AR/VR, digital twin",Growing,Positive,AWS;Azure;React;IoT;CAD,https://www.linkedin.com/company/ptc,"Enterprise software company enabling digital transformation through CAD, PLM, IoT, and augmented reality solutions for manufacturers",High
C130,Spotify Technology,https://spotify.com,Media & Entertainment,Audio streaming and podcast platform,Sweden,Stockholm,Stockholm,101-250,14000M,2006,Public,Listeners; creators; advertisers,B2C + B2B,Subscription + ad-supported,Global,"Music streaming, podcasts, audiobooks, ad-supported free tier",Stable,Positive,Python;Java;Big Data;AI/Recommendation,https://www.linkedin.com/company/spotify,"Audio streaming platform offering music, podcasts, and audiobooks to hundreds of millions of listeners worldwide",Medium
C131,Bechtel Corporation,https://bechtel.com,Construction & Engineering,"Large-scale engineering, construction, and project management",United States,Reston,Virginia,501-1000,17600M,1898,Private,Government; energy; infrastructure clients; mining,Professional Services,Project-based,Global,"Energy infrastructure, transportation, nuclear, environmental, mining, defense",Stable,Positive,Engineering;Project Mgmt;Safety;Operations,https://www.linkedin.com/company/bechtel,"Global engineering, construction, and project management firm delivering landmark infrastructure and energy projects worldwide",Low
C132,AECOM,https://aecom.com,Construction & Engineering,"Infrastructure consulting, design, and program management",United States,Los Angeles,California,501-1000,14400M,2010,Public,Government agencies; developers; transportation; utilities,Professional Services + B2B,Project-based + recurring,Global,"Transportation, water, building, energy, environmental, urban development",Stable,Positive,Engineering;GIS;Project Mgmt;Digital,https://www.linkedin.com/company/aecom,"Global infrastructure consulting firm delivering design, program management, and construction services across transportation, water, buildings, and energy",Low
C133,CBRE Group,https://cbre.com,Real Estate,"Commercial real estate services: brokerage, property management, investment",United States,Dallas,Texas,1001-5000,33000M,1904,Public,Property owners; tenants; investors; corporate occupiers,Professional Services,Fee-based + investment,Global,"Office, industrial, retail, multifamily brokerage; property management; investment sales; valuation",Stable,Positive,PropTech;CRM;Analytics;GIS;Data,https://www.linkedin.com/company/cbre-group,"World's largest commercial real estate services and investment firm specializing in office, industrial, retail, and multifamily properties",Low
C134,Airbnb,https://airbnb.com,Travel & Hospitality,"Online marketplace for lodging, experiences, and vacation rentals",United States,San Francisco,California,501-1000,9900M,2008,Public,Travelers; hosts; property owners,Two-sided Marketplace,Service fees + host fees,Global,"Home stays, experiences, long-term stays, luxury listings, unique accommodations",Stable,Positive,React;Node.js;AWS;Mobile;AI/ML,https://www.linkedin.com/company/airbnb,Global travel platform connecting guests with unique accommodations and local experiences in over 220 countries and regions,Medium
C135,Booking Holdings,https://bookingholdings.com,Travel & Hospitality,"Online travel booking: hotels, flights, rentals, restaurants",United States,Norwalk,Connecticut,501-1000,28000M,2005,Public,Travelers; consumers; hotels; airlines,Two-sided Marketplace,Commission + advertising,Global,"Booking.com, Priceline, Agoda, Kayak, OpenTable, Rentalcars",Stable,Positive,Java;C++;Python;Big Data;AI/ML,https://www.linkedin.com/company/booking-holdings,"World's largest online travel company operating multiple brands across accommodation, travel, and dining reservations",Medium
C136,Expedia Group,https://expediagroup.com,Travel & Hospitality,"Online travel booking: Expedia, Hotels.com, Orbitz, Vrbo",United States,Seattle,Washington,501-1000,13000M,1996,Public,Consumers; travel providers; hotels,Two-sided Marketplace,Commission + advertising,Global,"Expedia, Hotels.com, Orbitz, Vrbo, Travelocity, Hotwire",Stable,Positive,Java;Python;Cloud;AI/Recommendations,https://www.linkedin.com/company/expedia-group,"Global travel technology platform offering hotel, flight, car rental, and vacation rental booking through multiple consumer brands",Medium
C137,Maersk Group,https://maersk.com,Logistics & Shipping,"Integrated container logistics, port terminals, and supply chain services",Denmark,Copenhagen,Hovedstaden,10001-50000,44000M,1904,Public,Shippers; freight forwarders; importers/exporters,Logistics Services,Freight rates + logistics fees,Global,"Container shipping, port terminals, logistics, air freight, inland services",Stable,Positive,Logistics;Operations;Digital;Supply Chain,https://www.linkedin.com/company/maersk,Global leader in integrated container logistics and supply chain services connecting businesses and consumers across continents,Low
C138,Hapag-Lloyd,https://hapag-lloyd.com,Logistics & Shipping,Container shipping and logistics services,Germany,Hamburg,Hamburg,501-1000,22000M,1970,Public,Shippers; freight forwarders; global trade,Logistics Services,Freight + logistics fees,Global,"Container shipping, supply chain solutions, terminal operations",Stable,Positive,Logistics;IT;Port Ops;Supply Chain,https://www.linkedin.com/company/hapag-lloyd,"Third-largest container shipping company worldwide offering global liner shipping, logistics, and supply chain solutions",Low
C139,COSCO Shipping Holdings,https://coscoshipping.com.cn,Logistics & Shipping,"Container shipping, bulk shipping, logistics, port operations",China,Shanghai,Shanghai,1001-5000,28000M,2016,Public,Global trade shippers; freight forwarders; governments,Logistics Services + Shipping,Freight + logistics fees,Global,"Container fleets, bulk shipping, terminal operations, logistics integration, port investment",Stable,Neutral,Logistics;IT;Port;Supply Chain,https://www.linkedin.com/company/cosco-shipping,One of the largest container shipping companies globally with extensive port terminal operations and integrated logistics services,Low
C140,McDonald's Corporation,https://mcdonalds.com,Restaurants,"Quick-service restaurants (burgers, fries, McCafe, breakfast)",United States,Chicago,Illinois,501-1000,25000M,1955,Public,Consumers; franchisees,Franchising + Company-operated,Franchise fees + product sales,Global,"Burgers, fries, nuggets, McCafe, breakfast, McCrispy, wraps",Stable,Positive,Franchise Ops;Digital App;CRM;POS;Supply Chain,https://www.linkedin.com/company/mcdonalds,"World's largest restaurant company operating over 40,000 restaurants globally known for burgers, fries, and the Big Mac",Medium
C141,"Yum! Brands, Inc.",https://yum.com,Restaurants,"Fast food: KFC, Taco Bell, Pizza Hut, Habit Burger",United States,Louisville,Kentucky,501-1000,7000M,1997,Public,Consumers; franchisees,Franchising + Company-operated,Franchise fees + product sales,Global,"KFC, Taco Bell, Pizza Hut, Habit Burger & Grill",Growing,Positive,Franchise Ops;Digital;CRM;Supply Chain;AI,https://www.linkedin.com/company/yum-brands,"Global fast food company operating KFC, Taco Bell, Pizza Hut, and Habit Burger with over 44,000 restaurants in 151 countries and territories",Medium
C142,AbbVie Inc.,https://abbvie.com,Pharmaceuticals,"Biopharmaceuticals: immunology, oncology, neuroscience, aesthetics",United States,North Chicago,Illinois,501-1000,54000M,2013,Public,Patients; healthcare providers; payers; pharmacies,Pharmaceuticals,Product sales (brand + biosimilar),Global,"Humira, Skyrizi, Rinvoq, Botox Therapeutic, Imbruvica, Venclexta",Stable,Positive,R&D;Biologics;Manufacturing;Regulatory;Supply Chain,https://www.linkedin.com/company/abbvie,"Global biopharmaceutical company researching and developing innovative therapies in immunology, oncology, neuroscience, and aesthetics",Low
C143,Bristol-Myers Squibb,https://bms.com,Pharmaceuticals,"Biopharmaceuticals: oncology, cardiovascular, immunology, hematology",United States,Princeton,New Jersey,501-1000,45000M,1858,Public,Patients; healthcare providers; hospitals; payers,Pharmaceuticals,Product sales,Global,"Opdivo, Eliquis, Revlimid, abecma (CAR T), Camzyos, Yervoy",Stable,Positive,R&D;Cell Therapy;Biologics;Manufacturing;Regulatory,https://www.linkedin.com/company/bristol-myers-squibb,"Research-driven biopharmaceutical company focused on discovering and delivering innovative medicines for serious diseases in oncology, cardiovascular, and immunology",Low
C144,Amgen Inc.,https://amgen.com,Pharmaceuticals,"Biopharmaceuticals: oncology, inflammation, neuroscience, cardiovascular",United States,Thousand Oaks,California,501-1000,29000M,1980,Public,Patients; healthcare providers; specialty pharmacies,Pharmaceuticals,Product sales (biologics + biosimilars),Global,"Enbrel, Prolia, Otezla, Repatha, XGEVA, LUMAKRAS",Stable,Positive,Biologics;R&D;Cell Culture;Manufacturing;Regulatory,https://www.linkedin.com/company/amgen,"Biotechnology pioneer and leader in developing and manufacturing biologic therapeutics for cancer, cardiovascular, inflammation, and other serious diseases",Low
C146,Lululemon Athletica,https://lululemon.com,Retail,"Athletic apparel, footwear, accessories",Canada,Vancouver,British Columbia,501-1000,11000M,2000,Public,Consumers,B2C Retail,Product sales + e-commerce,North America + Global,"Athletic apparel, yoga pants, running gear, men's athletic wear",Growing,Positive,ASP;CRM;POS;Mobile,https://www.linkedin.com/company/lululemon-atheltica,"Athletic apparel and accessories brand known for yoga, running, and lifestyle wear with premium fabric technology",Medium
C147,Dick's Sporting Goods,https://dickssportinggoods.com,Retail,"Sporting goods, equipment, apparel, footwear",United States,Coraopolis,Pennsylvania,1001-5000,12800M,1948,Public,Consumers; pro athletes,B2C Retail + Pro,Product sales + e-commerce,North America,"Sporting goods, athletic apparel, footwear, equipment, team sports, guns, firearms",Stable,Positive,ASP;CRM;POS;E-commerce;Mobile,https://www.linkedin.com/company/dicks-sporting-goods,"Sporting goods retailer offering equipment, apparel, and footwear for team sports, outdoor, and fitness activities",Medium
C148,TJX Companies,https://tjx.com,Retail,"Off-price apparel, home fashions, accessories",United States,Framingham,Massachusetts,501-1000,55000M,1976,Public,Consumers; value shoppers,B2C Retail,Product sales,North America + Global,"Apparel, home fashions, accessories, jewelry, beauty, footwear, off-price merchandise",Stable,Positive,ASP;CRM;POS;RFID;Logistics,https://www.linkedin.com/company/tjx-companies,"Off-price retailer of apparel, home fashions, and accessories offering brand-name items at significant discounts",Medium
C149,Ace Hardware,https://acehardware.com,Retail,"Hardware, home improvement, tools, garden supplies",United States,Oak Brook,Illinois,1001-5000,6000M,1924,Cooperative,Consumers; DIY; pros,B2C Retail + Green Industry,Product sales + services,North America + Global,"Hardware, home improvement, lawn & garden, tools, paint, plumbing, electrical",Stable,Positive,ASP;POS;Supply Chain;Co-op Model,https://www.linkedin.com/company/ace-hardware,"Hardware retailer and cooperative offering tools, home improvement, hardware, lawn and garden products and services",Medium
C150,TJX Companies — Marshall's,https://marshalls.com,Retail,"Off-price apparel, home fashions, accessories",United States,Framingham,Massachusetts,501-1000,35000M,1976,Public,Consumers; value shoppers,B2C Retail,Product sales,North America + Global,"Apparel, home fashions, accessories, footwear, off-price merchandise for men,women, kids",Stable,Positive,ASP;CRM;POS;Logistics;RFID,https://www.linkedin.com/company/tjx-companies,Off-price apparel and home fashion retailer offering branded goods at significant discounts in a treasure-hunt shopping experience,Medium
C151,Ulta Beauty,https://ulta.com,Retail,"Beauty products, cosmetics, skincare, fragrance, hair care",United States,Bolingbrook,Illinois,501-1000,13000M,1992,Public,Consumers; beauty enthusiasts,B2C Retail,Product sales + services,North America,"Beauty products, cosmetics, skincare, fragrance, hair care, salon services",Growing,Positive,ASP;POS;CRM;E-commerce;Mobile,https://www.linkedin.com/company/ulta-beauty,"Beauty retailer offering cosmetics, skincare, fragrance, hair care, and salon services with a large brand portfolio and loyalty program",Medium
C152,O'Reilly Auto Parts,https://oreillyauto.com,Retail,"Automotive parts, accessories, tools, and paint",United States,Springfield,Missouri,501-1000,15000M,1957,Public,Automotive DIY consumers; professional repair shops,B2C + B2B Retail,Product sales + e-commerce,North America,"Automotive parts, accessories, tools, paint, service parts, emissions",Growing,Positive,ASP;POS;Supply Chain;E-commerce;Mobile,https://www.linkedin.com/company/oreilly-auto-parts,"Automotive aftermarket retailer and distributor of parts, accessories, and tools for DIY consumers and professional repair shops",Medium
C153,Harbor Freight Tools,https://harborfreight.com,Retail,"Tools, hardware, equipment, and garage supplies",United States,Calabasas,California,501-1000,7600M,1977,Private,DIY consumers; pros; contractors,B2C + B2B Retail,Product sales,North America + Global,"Tools, hardware, equipment, garage supplies, automotive tools",Growing,Positive,ASP;POS;Supply Chain;Logistics,https://www.linkedin.com/company/harbor-freight-tools,"Discount tool retailer offering tools, hardware, equipment, and garage supplies at value prices for DIY and professional users",Medium
C154,Wegmans Food Markets,https://wegmans.com,Retail,"Grocery, supermarket, fresh foods, prepared meals",United States,Rochester,New York,501-1000,12000M,1916,Private,Consumers; families,B2C Retail,Product sales,North America,"Grocery, fresh foods, prepared meals, bakery, deli, wine, specialty foods",Stable,Positive,ASP;POS;Supply Chain;Private Label;E-commerce,https://www.linkedin.com/company/wegmans-food-markets,"Family-owned grocery chain known for high-quality fresh foods, prepared meals, bakery, and specialty items with strong customer loyalty",Medium
C155,Bass Pro Shops,https://bassproshops.com,Retail,"Outdoor recreation, hunting, fishing, camping, boating gear",United States,Springfield,Missouri,501-1000,7000M,1972,Private,Outdoor enthusiasts; hunters; anglers; campers,B2C Retail,Product sales,North America,"Hunting, fishing, camping, boating, outdoor gear, firearms, archery, wildlife conservation",Stable,Positive,ASP;POS;Supply Chain;E-commerce,https://www.linkedin.com/company/bass-pro-shops,"Outdoor recreation retailer specializing in hunting, fishing, camping, and boating gear with conservation and wildlife focus",Medium
C156,Kellanova,https://kellanova.com,Food & Beverage,"Snack foods, cereals, and international food brands",United States,Chicago,Illinois,501-1000,13000M,2023,Public,Consumers,B2C,Product sales + licensing,Global,"Pringles, Cheez-It, Pop-Tarts, Eggo, Gardenburger, Nutri-Grain, Kellogg's cereals internationally",Stable,Positive,ERP;CRM;Supply Chain;Digital Marketing,https://www.linkedin.com/company/kellanova,"Global snack foods company with iconic brands including Pringles, Cheez-It, Pop-Tarts, Eggo, Gardenburger, and Nutri-Grain",Medium
C157,Kraft Heinz,https://kraftheinzcompany.com,Food & Beverage,"Packaged foods, condiments, sauces, cheese, lunch meats",United States,Pittsburgh,Pennsylvania,501-1000,26000M,2015,Public,Consumers,B2C,Product sales + licensing,Global,"Ketchup, mustard, mac & cheese, lunchables, cheese, sauces, condiments, packaged meals, snacks",Stable,Neutral,ERP;CRM;Supply Chain;Digital;AI,https://www.linkedin.com/company/kraft-heinz,"Packaged foods company with iconic brands including Kraft, Heinz, Oscar Mayer, Lunchables, and Philadelphia cream cheese",Medium
C158,Conagra Brands,https://conagrabrands.com,Food & Beverage,"Packaged foods, frozen meals, snacks, and condiments",United States,Chicago,Illinois,501-1000,13000M,1919,Public,Consumers,B2C,Product sales + licensing,North America,"Frozen meals, canned vegetables, snacks, condiments, branded pantry, pizza, desserts",Stable,Neutral,ERP;CRM;Supply Chain;Digital,https://www.linkedin.com/company/conagra-brands,"Packaged food company known for frozen meals, snacks, canned vegetables, and condiments including Healthy Choice, Banquet, Slim Jim, and Hunt's",Medium
C159,Campbell Soup Company,https://campbellsoupcompany.com,Food & Beverage,"Packaged soups, sauces, broths, snacks, beverages",United States,Camden,New Jersey,501-1000,9000M,1869,Public,Consumers,B2C,Product sales,North America + Global,"Soups, broths, sauces, beverages, snacks, nutraceuticals",Stable,Neutral,ERP;CRM;Manufacturing;Supply Chain,https://www.linkedin.com/company/campbell-soup-company,"Food company with iconic brands including Campbell's soup, Pepperidge Farm, Prego, V8, and Goldfish snacks",Medium
C160,General Mills,https://generalmills.com,Food & Beverage,"Packaged foods, cereals, baking products, meals, snacks, and pet food",United States,Golden Valley,Minnesota,501-1000,20000M,1856,Public,Consumers,B2C,Product sales,North America + Global,"Cereals, baking products, meals, snacks, pet food (Blue Buffalo), yogurt, ice cream, refrigerated dough",Stable,Neutral,ERP;CRM;Manufacturing;Supply Chain,https://www.linkedin.com/company/general-mills,"Packaged foods company with brands including Cheerios, Betty Crocker, Pillsbury, Blue Buffalo, Häagen-Dazs, and Annie's",Medium
C161,Mondelēz International,https://mondelezinternational.com,Food & Beverage,"Snack foods, confectionery, biscuits, chocolate, gum",United States,Chicago,Illinois,501-1000,31000M,2012,Public,Consumers,B2C + B2B,Product sales + licensing,Global,"Candy, chocolate, biscuits, cookies, gum, snacks, confectionery",Stable,Positive,ERP;CRM;Manufacturing;Supply Chain;Digital,https://www.linkedin.com/company/mondelez-international,"Snack food company with global brands including Oreo, Cadbury, Toblerone, Halls, Ritz, belVita, Nutter Butter, and Sour Patch Kids",Medium
C162,Unilever,https://unilever.com,Food & Beverage,"Foods, ice cream, condiments, beverages, and specialty ingredients",United States,Boston,Massachusetts,1001-5000,62000M,1929,Public,Consumers; foodservice,B2C + B2B,Product sales + licensing,Global,"Foods, ice cream (Ben & Jerry's), mayonnaise (Hellmann's), condiments, tea (Lipton), specialty ingredients",Stable,Neutral,ERP;CRM;Manufacturing;Supply Chain;Digital,https://www.linkedin.com/company/unilever,"Consumer goods company with foods brands including Hellmann's, Lipton, Ben & Jerry's ice cream, Slim-Fast, and Robitussin",Medium
C163,PepsiCo,https://pepsico.com,Food & Beverage,"Snack foods, beverages, and convenience foods",United States,Purchase,New York,1001-5000,91000M,1898,Public,Consumers,B2C + B2B,Product sales,Global,"Pepsi, Mountain Dew, Gatorade, Tropicana, Doritos, Cheetos, Rice-A-Roni, Aquafina, Sodas, packaged snacks, beverages",Stable,Positive,ERP;CRM;Manufacturing;Supply Chain;Digital;AI,https://www.linkedin.com/company/pepsico,"Global food and beverage company with snacks and beverages brands including Pepsi, Doritos, Cheetos, Gatorade, and Mountain Dew",Medium
C164,The Coca-Cola Company,https://coca-colacompany.com,Food & Beverage,"Non-alcoholic beverages, sparkling soft drinks, water, juice, sports drinks, coffee",United States,Atlanta,Georgia,501-1000,47000M,1892,Public,Consumers,B2C + B2B,Product sales + franchise,Global,"Coca-Cola, Sprite, Fanta, Dasani, Minute Maid, Powerade, Smartwater, Honest Tea, Costa Coffee, bubbly beverages",Stable,Positive,ERP;CRM;Manufacturing;Supply Chain;Digital;AI,https://www.linkedin.com/company/the-coca-cola-company,"Global beverage company with iconic brands including Coca-Cola, Sprite, Fanta, Dasani, Minute Maid, and Powerade",Medium
C165,Nestlé S.A.,https://nestle.com,Food & Beverage,"Food and beverage products, pet care, nutrition, health science",Switzerland,Vevey,Vaud,10001-50000,108000M,1866,Public,Consumers; pet owners; businesses,B2C + B2B,Product sales + licensing,Global,"Coffee, chocolate, pet care (Purina), water, baby food, cereals, dairy, ice cream, nutrition, health science",Stable,Positive,ERP;CRM;Manufacturing;Supply Chain;Digital,https://www.linkedin.com/company/nestle,"World's largest food and beverage company with brands including Nescafé, KitKat, Purina, Perrier, Nespresso, and Gerber",Medium
C166,"Chegg, Inc.",https://chegg.com,Education,"Online learning, homework help, textbook solutions, tutoring",United States,Santa Clara,California,101-250,618M,2006,Public,Students; learners; educators,B2C SaaS,Subscription,Global,"Homework help, textbook solutions, study help, tutoring, writing, AI learning tools",Declining,Negative,AI;Web;Mobile;Content,https://www.linkedin.com/company/chegg,"Online learning platform providing homework help, textbook solutions, tutoring, and AI-powered study tools for students",Low
C167,Coursera Inc.,https://coursera.org,Education,"Online learning platform: courses, certificates, degrees",United States,Sunnyvale,California,501-1000,700M,2012,Public,Learners; enterprises; universities,B2C + B2B SaaS,Subscription + marketplace,Global,"Courses, professional certificates, degree programs, enterprise upskilling",Growing,Positive,AI;Web;Mobile;Cloud;Video,https://www.linkedin.com/company/coursera,"Leading online learning platform offering courses, certificates, and degrees from top universities and companies",High
C168,"Duolingo, Inc.",https://duolingo.com,Education,Language learning app and platform,United States,Pittsburgh,Pennsylvania,51-100,200M,2011,Public,Language learners; consumers,B2C,Freemium + subscription,Global,"Language learning, gamified lessons, language proficiency tests (DET), flashcards",Growing,Positive,AI;Mobile;Web;Gamification,https://www.linkedin.com/company/duolingo,"Language learning platform with gamified lessons in over 40 languages, reaching hundreds of millions of learners worldwide",Medium
C169,BridgeU,https://bridgeu.com,Education,College and university admissions guidance software,United Kingdom,London,London,51-100,12M,2016,Private,High school students; counselors; schools,B2B SaaS,Subscription,Global,"University admissions guidance, school management, counseling tools",Growing,Positive,Web;Mobile;SaaS;Analytics,https://www.linkedin.com/company/bridgeu,"Platform providing admissions guidance and tools for high schools, counselors, and students navigating university applications",Medium
C170,Quizlet Inc.,https://quizlet.com,Education,"Study tools, flashcards, practice tests, AI tutoring",United States,San Francisco,California,101-250,50M,2005,Private,Students; teachers; learners,B2C SaaS,Freemium + subscription,Global,"Flashcards, study sets, practice tests, AI tutor, language learning",Growing,Positive,AI;Web;Mobile;SaaS,https://www.linkedin.com/company/quizlet,"Study platform offering flashcards, practice tests, and AI tutoring to help students learn and retain information",Medium
C171,"Synopsys, Inc.",https://synopsys.com,Semiconductor / Electronics,"Electronic design automation (EDA) software, semiconductor IP, and application security",United States,Mountain View,California,501-1000,5000M,1986,Public,Semiconductor companies; software developers; enterprises,B2B SaaS + License,Subscription + license,Global,"Electronic design automation, silicon verification, IP cores, software security, AI-assisted design",Growing,Positive,Software;EDA;AI;Cloud;SaaS,https://www.linkedin.com/company/synopsys,"Electronic design automation and semiconductor IP company providing tools for chip design, verification, and application security testing",High
C172,Arm Holdings plc,https://arm.com,Semiconductor / Electronics,"Semiconductor intellectual property (IP): CPU, GPU, and system IP for chip design",United Kingdom,Cambridge,Cambridgeshire,501-1000,3200M,2016,Public,Semiconductor companies; device makers; cloud companies,B2B Licensing,RISC architecture licensing + royalty,Global,"CPU cores, GPU, system IP, edge AI, IoT, automotive, cloud silicon design",Growing,Positive,Silicon;IP;Architecture;AI,https://www.linkedin.com/company/arm-holdings,"Semiconductor IP company designing chip architectures powering smartphones, IoT, automotive, and cloud devices with RISC-based CPU cores",High
C173,Rambus Inc.,https://rambus.com,Semiconductor / Electronics,"Memory interface IP, security IP, and connectivity solutions for chips",United States,San Jose,California,51-100,520M,1990,Public,Chip designers; memory vendors; consumer electronics,B2B Licensing,IP licensing + royalty,Global,"Memory interface IP (DDR, HDMI, PCIe), chip security, cryptography, connectivity IP",Stable,Neutral,IP;Security;Cryptography;Memory Interface,https://www.linkedin.com/company/rambus,"Technology company providing memory interface IP, chip security, and connectivity solutions used in consumer electronics and computing devices",Medium
C174,"Marvell Technology, Inc.",https://marvell.com,Semiconductor / Electronics,"Semiconductor solutions for data infrastructure, networking, storage, and automotive",United States,Santa Clara,California,501-1000,6100M,1995,Public,Data center operators; networking equipment makers; automotive,B2B,Product sales + design services,Global,"Ethernet switches, storage controllers, data infrastructure silicon, automotive processors",Growing,Positive,Semiconductor;Networking;Storage;Automotive;ASIC,https://www.linkedin.com/company/marvell-technology,"Semiconductor company providing data infrastructure silicon for networking, storage, and automotive applications in data centers and cloud",High
C175,"Skyworks Solutions, Inc.",https://skyworks.com,Semiconductor / Electronics,Analog and RF semiconductors for wireless communications,United States,Woburn,Massachusetts,501-1000,4300M,2002,Public,Mobile device makers; wireless infrastructure companies; IoT,B2B,Product sales,Global,"RF transceivers, power amplifiers, wireless connectivity, IoT, 5G/WiFi/Bluetooth, mobile solutions",Growing,Positive,RF;Analog;Semiconductor;Wireless,https://www.linkedin.com/company/skyworks-solutions,"RF and analog semiconductor company designing chips for wireless communications in mobile devices, IoT, and wireless infrastructure",Medium
C176,"Qorvo, Inc.",https://qorvo.com,Semiconductor / Electronics,"RF, analog, and power semiconductor solutions for wireless and defense industries",United States,Henderson,Nevada,501-1000,4000M,2016,Public,Wireless device makers; defense electronics; aerospace,B2B,Product sales + design services,Global,"RF front-end modules, power management, GaN solutions, wireless connectivity",Growing,Positive,RF;GaN;Semiconductor;Wireless;Defense,https://www.linkedin.com/company/qorvo,"RF and power semiconductor company providing solutions for wireless communications, defense electronics, and aerospace applications",Medium
C177,"Monolithic Power Systems, Inc.",https://mps.com,Semiconductor / Electronics,Power management and analog semiconductors,United States,San Jose,California,51-100,1600M,1997,Public,Consumer electronics; industrial; IoT; cloud computing,B2B,Product sales,Global,"Power management ICs, MOSFETs, analog ICs, magnetic components, energy-efficient power solutions",Growing,Positive,Power Management;Analog;Semiconductor;IoT,https://www.linkedin.com/company/monolithic-power-systems,"Power management semiconductor company designing energy-efficient analog and power ICs for consumer, industrial, and cloud applications",Medium
C178,Qualcomm Incorporated,https://qualcomm.com,Semiconductor / Electronics,"Wireless technology, semiconductors, and licensing: mobile chips, 5G, IoT, automotive",United States,San Diego,California,501-1000,43200M,1985,Public,Mobile device makers; automotive OEMs; IoT; networking,B2B Licensing + Product sales,Licensing royalties + chip sales,Global,"Snapdragon mobile processors, 5G modems, automotive chips, IoT, Wi-Fi, licensing",Growing,Positive,Wireless;5G;Semiconductor;Mobile;IoT;Automotive,https://www.linkedin.com/company/qualcomm,"Wireless technology and semiconductor company behind Snapdragon mobile processors, 5G modems, and wireless standards with licensing business",High
C179,Broadcom Inc.,https://broadcom.com,Semiconductor / Electronics,"Infrastructure and wireless semiconductor solutions: networking, storage, broadband, and custom ASICs",United States,Palo Alto,California,501-1000,57000M,1991,Public,Data center operators; networking equipment makers; storage; broadband; cloud,B2B,Product sales + custom ASIC services,Global,"Networking switches, storage controllers, Wi-Fi, broadband, custom silicon (ASICs for hyperscalers)",Growing,Positive,Networking;Storage;ASIC;Broadband;Wi-Fi;Custom Silicon,https://www.linkedin.com/company/broadcom,"Semiconductor infrastructure company providing networking, storage, broadband, and custom ASIC solutions for data centers and cloud providers",High
C180,NVIDIA Corporation,https://nvidia.com,Semiconductor / Electronics,"GPU and AI computing platforms: data center, gaming, professional visualization, automotive, robotics, United States",Santa Clara,California,501-1000,165000M,1993,Public,Data centers; gaming; automotive; robotics; enterprise AI,B2B + B2C,Product sales + software licensing,Global,"GPUs, AI superchips (Hopper/Grace), CUDA software, gaming graphics, automotive DRIVE, Omniverse",Hypergrowth,,Positive,GPU;AI;CUDA;Software Defined;Data Center;Automotive,https://www.linkedin.com/company/nvidia,"AI and accelerated computing leader providing GPUs, AI superchips, and software platforms for data centers, gaming, automotive, and professional visualization",High
C181,Edwards Lifesciences,https://edwards.com,Medical Device,"Cardiovascular devices: heart valves, hemodynamic monitoring, critical care",United States,Irvine,California,51-100,5900M,1958,Public,Hospitals; surgeons; healthcare providers,B2B,Product sales,Global,"Heart valve replacement, structural heart, hemodynamic monitoring, critical care monitoring",Growing,Positive,Medical Device;R&D;Manufacturing;Regulatory,https://www.linkedin.com/company/edwards-lifesciences,"Cardiovascular medical device company specializing in heart valve replacement, structural heart therapies, and critical care monitoring",High
C182,Steris plc,https://steris.com,Medical Device,"Surgical instrumentation, sterilization, and infection prevention solutions",United States,Mentor,Ohio,501-1000,5700M,1940,Public,Hospitals; ambulatory surgery centers; clinicians,B2B,Product sales + services,Global,"Surgical instruments, sterilization systems, infection prevention, endoscopes, procedure trays",Stable,Positive,Medical Device;R&D;Manufacturing;Services;Regulatory,https://www.linkedin.com/company/steris,"Medical device company providing surgical instrumentation, sterilization systems, and infection prevention solutions for healthcare settings",Medium
C183,ResMed Inc.,https://resmed.com,Medical Device,"Respiratory and sleep apnea devices, digital health solutions",United States,San Diego,California,51-100,5300M,2000,Public,Patients; sleep clinics; durable medical equipment providers,B2B + B2C,Product sales + cloud subscription,Global,"CPAP devices, sleep apnea therapy, oxygen therapy, digital health, cloud-connected devices",Growing,Positive,Medical Device;Cloud;Digital Health;IoT;SaaS,https://www.linkedin.com/company/resmed,Medical device company providing respiratory and sleep apnea devices with cloud-connected digital health solutions for patients,Medium
C184,"Dexcom, Inc.",https://dexcom.com,Medical Device,"Continuous glucose monitoring (CGM) systems for diabetes management, United States",San Diego,California,51-100,4500M,1999,Public,Diabetes patients; clinicians; endocrinologists,B2B + B2C,Product sales + subscription,Global,"CGM sensors, glucose monitoring apps, diabetes management software, real-time glucose data",Hypergrowth,,Positive,Medical Device;IoT;Mobile;Cloud;SaaS,https://www.linkedin.com/company/dexcom,Continuous glucose monitoring company providing wearable CGM sensors and digital diabetes management solutions for real-time glucose tracking,High
C185,BioMérieux S.A.,https://biomerieux.com,Medical Device,"In vitro diagnostics, infectious disease testing, antimicrobial resistance",France,Marcy-l'Étoile,Auvergne-Rhône-Alpes,501-1000,4500M,1963,Public,Hospitals; clinical labs; pharmaceutical; food safety,B2B,Product sales + instrument service contracts,Global,"In vitro diagnostics, infectious disease tests, antimicrobial resistance, blood culture, food safety",Stable,Positive,In Vitro Diagnostics;Laboratory;Medical Device;Regulatory,https://www.linkedin.com/company/bio-merieux,"In vitro diagnostics company specializing in infectious disease testing, antimicrobial resistance detection, and blood culture systems for labs",Medium
C186,NextEra Energy,https://nexteraenergy.com,Utilities,"Electric power generation, transmission, distribution; renewable energy",United States,Juno Beach,Florida,10001-50000,25800M,1925,Public,Retail and commercial customers; wholesale power markets,Utilities + Competitive Energy,Regulated rates + competitive sales,North America + Global,"Solar, wind, battery storage, natural gas, nuclear, grid services",Growing,Positive,Grid Ops;Renewables;Nuclear;Generation,https://www.linkedin.com/company/nextera-energy,World's largest renewable energy generator and utility company with leading solar and wind capacity and regulated electric utilities,Medium
C187,Duke Energy Corporation,https://duke-energy.com,Utilities,"Electric and gas utility serving the Carolinas, Florida, and Midwest",United States,Charlotte,North Carolina,501-1000,30000M,1900,Public,"Residential, commercial, and industrial electric and gas customers",Utilities,Regulated rates,North America,"Electric generation, transmission, distribution, electric vehicle infrastructure, gas distribution",Stable,Positive,Grid Ops;Generation;Nuclear;Renewables;Gas Distribution,https://www.linkedin.com/company/duke-energy,"One of the largest electric power holding companies in the U.S. serving customers across the Carolinas, Florida, and the Midwest",Low
C188,Southern Company,https://southernco.com,Utilities,Electric and gas utility serving the Southeast U.S.,United States,Atlanta,Georgia,501-1000,26000M,1945,Public,Electric and gas utility customers in the Southeast,Utilities + Competitive Energy,Regulated rates + competitive energy sales,North America,"Electric generation (nuclear, coal, gas, renewables), transmission, distribution, gas distribution, Vogtle nuclear",Stable,Positive,Nuclear;Generation;Grid Ops;Gas Distribution;Renewables,https://www.linkedin.com/company/southern-company,Energy holding company serving the Southeast U.S. with electric and natural gas utilities including Georgia Power and Alabama Power,Low
C189,Exelon Corporation,https://exelon.com,Utilities,Electric utility and competitive energy business; nuclear and grid operations,United States,Chicago,Illinois,10001-50000,23500M,2000,Public,"Retail electric customers in Illinois, Pennsylvania, Maryland, Virginia, DC",Utilities + Competitive Energy,Regulated rates + competitive sales,North America,"Nuclear generation, electric transmission and distribution, competitive energy, grid operations",Stable,Positive,Nuclear;Grid Ops;Transmission;Generation;Competitive Energy,https://www.linkedin.com/company/exelon,"U.S. utility holding company operating regulated utilities in Illinois, Pennsylvania, Maryland, Virginia, and DC and competitive energy businesses",Low
C190,Dominion Energy,https://dominionenergy.com,Utilities,"Electric and natural gas utility serving Virginia, North Carolina, and other states",United States,Richmond,Virginia,10001-50000,14400M,1981,Public,Electric and gas retail customers in multiple states,Utilities,Regulated rates,North America,"Electric generation (nuclear, gas, renewables), offshore wind, transmission, gas distribution, energy storage",Growing,Positive,Nuclear;Offshore Wind;Grid Ops;Gas Distribution;Transmission,https://www.linkedin.com/company/dominion-energy,"Energy company providing electric and natural gas service to customers in Virginia, North Carolina, and other states with major offshore wind projects",Low
C191,Sempra Energy,https://sempra.com,Utilities,Energy infrastructure: regulated utilities and energy infrastructure businesses,United States,San Diego,California,501-1000,13400M,1998,Public,"Electric and gas customers in California, Texas, and other markets",Utilities + Energy Infrastructure,Regulated rates + energy infrastructure earnings,North America,"Electric utility (San Diego Gas & Electric), gas utilities, energy infrastructure (crittenden, Sonorita), gas pipelines",Stable,Positive,Gas Pipelines;Electric Utility;Infrastructure;Gas Distribution,https://www.linkedin.com/company/sempra-energy,Energy infrastructure company with regulated utility operations (SDG&E) in California and energy infrastructure businesses in gas pipelines and LNG,Low
C192,Xcel Energy,https://xcelenergy.com,Utilities,Electric and natural gas utility serving the upper Midwest and Southwest,United States,Minneapolis,Minnesota,501-1000,13700M,1909,Public,Electric and gas utility customers across 8 states,Utilities,Regulated rates,North America,"Wind power, solar, battery storage, natural gas, nuclear, transmission, electric vehicle infrastructure",Growing,Positive,Wind;Renewables;Battery Storage;Nuclear;Grid Ops;Electric Vehicles,https://www.linkedin.com/company/xcel-energy,Utility company serving customers in 8 states with electric and natural gas service and a leading renewable energy portfolio including wind and solar,Low
C193,Consol End Energy,https://consolidatededison.com,Utilities,Electric and gas utility serving the New York City area and Westchester,United States,New York,New York,101-250,14800M,1826,Public,"Electric and gas customers in NYC, Westchester, and other service territories",Utilities,Regulated rates,North America,"Electric transmission and distribution, gas distribution, energy efficiency, renewable energy programs",Stable,Positive,Grid Ops;Gas Distribution;Transmission;Energy Efficiency,https://www.linkedin.com/company/consolidatededison,One of the largest investor-owned utilities in the U.S. serving electric and gas customers in the New York City area and surrounding regions,Low
C194,Edison International,https://edison.com,Utilities,Electric utility holding company: Southern California Edison and other subsidiaries,United States,Rosemead,California,501-1000,16800M,1996,Public,Electric customers in Southern California and other service territories,Utilities,Regulated rates,North America,"Electric transmission and distribution, electric generation (through contracts), energy storage, electric vehicle infrastructure, wildfire mitigation",Stable,Positive,Grid Ops;Transmission;Distribution;Energy Storage;Electric Vehicles;Wildfire Safety,https://www.linkedin.com/company/edison-international,"Holding company operating Southern California Edison, one of the largest electric utilities in the U.S. serving 15 million customers in Southern California",Low
C195,Entergy Corporation,https://enterg.com,Utilities,"Electric utility serving Arkansas, Louisiana, Mississippi, and Texas",United States,New Orleans,Louisiana,501-1000,11000M,1978,Public,Electric utility customers in the Gulf South region,Utilities,Regulated rates,North America,"Electric generation (nuclear, gas, coal, renewables), transmission, distribution, energy efficiency",Stable,Positive,Nuclear;Gas;Generation;Transmission;Grid Ops,https://www.linkedin.com/company/entergy,"Electric utility serving customers across Arkansas, Louisiana, Mississippi, and Texas with a portfolio of nuclear, gas, and renewable generation",Low
C196,Dow Inc.,https://dow.com,Chemicals,"Materials science: plastics, industrial intermediates, performance materials",United States,Midland,Michigan,501-1000,43000M,1897,Public,"Packaging, construction, automotive, consumer goods manufacturers",B2B,Product sales,Global,"Polyethylene, polyurethane, silicones, coatings, industrial intermediates, packaging materials",Stable,Neutral,Chemical Manufacturing;Process Engineering;Supply Chain;R&D,https://www.linkedin.com/company/dow-inc,"Materials science company producing plastics, industrial intermediates, and performance materials for packaging, construction, mobility, and consumer applications",Medium
C197,BASF SE,https://basf.com,Chemicals,"Chemicals, performance materials, industrial solutions, nutrition, and care chemicals",Germany,Ludwigshafen,Rheinland-Pfalz,10001-50000,70600M,1865,Public,Industrial customers; automotive; agriculture; consumer goods; packaging,B2B,Product sales,Global,"Chemicals, performance materials, industrial solutions, agricultural solutions, nutrition and care chemicals, oil and gas",Stable,Positive,Chemical Manufacturing;Process Engineering;R&D;Supply Chain;Digital,https://www.linkedin.com/company/basf-se,"World's largest chemical company producing a wide range of chemicals, performance materials, and solutions for industries including automotive, agriculture, and consumer goods",Medium
C198,ExxonMobil Chemical,https://exxonmobil.com,Chemicals,"Petrochemicals, polymers, and specialty chemicals",United States,Spring,Texas,10001-50000,41000M,1882,Public,Industrial manufacturers; packaging; automotive; construction,B2B,Product sales,Global,"Polyethylene, polypropylene, aromatics, olefins, specialty chemicals, plastic recycling",Stable,Neutral,Chemical Manufacturing;Refining;Petrochemicals;Process Engineering,https://www.linkedin.com/company/exxonmobil-chemical,"Petrochemical and polymer business of ExxonMobil producing olefins, polyethylene, and specialty chemicals integrated with refining operations",Medium
C199,LyondellBasell Industries,https://lyondellbasell.com,Chemicals,Polyolefins and advanced polymer solutions,United States,Houston,Texas,501-1000,32000M,1998,Public,"Packaging, automotive, construction, and consumer goods manufacturers",B2B,Product sales,Global,"Polyethylene, polypropylene, circular and recycled polymers, oxyfuels, refining",Stable,Neutral,Polyolefin Production;Chemical Manufacturing;Process Engineering;R&D,https://www.linkedin.com/company/lyondellbasell-industries,"Leading polyolefins producer and provider of advanced polymer solutions for packaging, automotive, and consumer applications with circular economy initiatives",Medium
C200,DuPont de Nemours,https:// dupont.com,Chemicals,"Specialty chemicals, advanced materials, water technologies, electronics materials",United States,Wilmington,Delaware,501-1000,12000M,1897,Public,Electronics; water utilities; agriculture; industrial manufacturers; protection applications,B2B,Product sales,Global,"Water filtration, electronic materials, protection materials (Kevlar, Tyvek), automotive, industrial coatings",Growing,Positive,R&D;Specialty Chemicals;Water Technology;Electronics Materials;Process Engineering,https://www.linkedin.com/company/dupont,"Specialty chemicals and materials company developing water technologies, electronic materials, protective materials, and industrial solutions",Medium
C201,Celanese Corporation,https://celanese.com,Chemicals,"Engineering materials, acetyl intermediates, and specialty chemicals",United States,Irving,Texas,501-1000,10000M,1918,Public,"Automotive, electronics, consumer goods, and industrial manufacturers",B2B,Product sales,Global,"Engineering plastics, acetyl chemicals, specialty polymers, emulsions, consumer chemicals",Stable,Neutral,Chemical Manufacturing;Process Engineering;R&D;Supply Chain,https://www.linkedin.com/company/celanese,"Chemical company producing engineering materials, acetyl intermediates, and specialty chemicals for automotive, electronics, and consumer applications",Medium
C202,Eastman Chemical,https://eastman.com,Chemicals,"Specialty materials, additives, and functional products",United States,Kingsport,Tennessee,501-1000,9400M,1920,Public,"Automotive, consumer goods, coatings, adhesives, and packaging industries",B2B,Product sales,Global,"Cellulosics, advanced materials, additives, specialty solvents, molecular recycling, PET recycling",Growing,Positive,Chemical Manufacturing;Molecular Recycling;R&D;Methanolysis;Process Engineering,https://www.linkedin.com/company/eastman-chemical,"Specialty materials company producing advanced materials, additives, and functional products with innovative circular economy recycling technologies",Medium
C203,Air Products and Chemicals,https://airproducts.com,Chemicals,"Industrial gases: hydrogen, helium, nitrogen, oxygen, and argon",United States,Allentown,Pennsylvania,501-1000,12000M,1940,Public,Industrial manufacturers; refineries; chemical producers; electronics; food processing,B2B,Product sales + long-term gas supply contracts,Global,"Hydrogen, helium, nitrogen, oxygen, argon, carbon dioxide, industrial gas plants, liquefied natural gas",Stable,Neutral,Industrial Gas Production;Cryogenics;Process Engineering;Engineering Construction;Hydrogen,https://www.linkedin.com/company/air-products-and-chemicals,"Industrial gases company producing hydrogen, helium, and other gases for refining, chemical, electronics, and food processing industries with major hydrogen projects",Medium
C204,Shin-Etsu Chemical,https://shinetsu.co.jp,Chemicals,"Silicon-based materials, polyvinyl chloride, and specialty chemicals",Japan,Tokyo,Tokyo,501-1000,16900M,1926,Public,Semiconductor manufacturers; construction; automotive; consumer goods,B2B,Product sales,Global,"Silicones, polysilicon, PVC, specialty chemicals, pharmaceutical intermediates, semiconductor materials",Stable,Neutral,Chemical Manufacturing;Semiconductor Materials;R&D;Process Engineering,https://www.linkedin.com/company/shin-etsu-chemical,"Japanese chemical company producing silicone materials, polysilicon for semiconductors, and polyvinyl chloride for construction and consumer applications",Medium
C205,Evonik Industries,https://evonik.com,Chemicals,"Specialty chemicals: nutrition, care, smart materials, and additives",Germany,Essen,North Rhine-Westphalia,501-1000,16400M,2007,Public,Pharmaceutical; consumer goods; automotive; coatings; construction,B2B,Product sales,Global,"Specialty additives, amino acids, silica, engineering polymers, methionine, hydrogen peroxide",Stable,Positive,Specialty Chemicals;R&D;Methionine;Silicas;Engineering Polymers,https://www.linkedin.com/company/evonik-industries,"Specialty chemicals company producing additives, amino acids, silica, and engineering polymers for nutrition, care, automotive, and industrial applications",Medium
C206,"Prologis, Inc.",https://prologis.com,Real Estate,"Industrial real estate: warehouses, distribution centers, logistics facilities",United States,Glen Allen,Virginia,501-1000,50000M,1997,Public,Logistics companies; e-commerce; retailers; third-party logistics providers,Real Estate,Rental income + property appreciation,Global,"Warehouse/distribution facilities, logistics parks, supply chain real estate, industrial flex space",Growing,Positive,Real Estate;Logistics;Development;Property Management;capital Markets,https://www.linkedin.com/company/prologis,"World's largest owner and operator of industrial real estate serving logistics, e-commerce, and distribution companies with warehouses and distribution centers globally",Medium
C207,Simon Property Group,https://simon.com,Real Estate,"Retail real estate: shopping malls, outlet centers, and community/lifestyle centers",United States,Indianapolis,Indiana,501-1000,22000M,1960,Public,Retail tenants; consumers; brands,Real Estate,Rental income + leasing fees,North America + Global,"Malls, outlet centers, community/lifestyle centers, retail property management",Stable,Neutral,Real Estate;Retail;Shopping Centers;Leasing;Property Management;Development,https://www.linkedin.com/company/simon-property-group,"Leading retail real estate company owning and operating premium shopping malls, outlet centers, and community/lifestyle centers across North America and Europe",Medium
C208,American Tower,https://americantower.com,Real Estate,"Communications infrastructure: cell towers, broadcast sites, and wireless infrastructure",United States,Watertown,Massachusetts,501-1000,10000M,1995,Public,Wireless carriers; broadcasters; tenants; wireless infrastructure operators,Real Estate + Infrastructure,Rental income + colocation fees,Global,"Cell towers, broadcast sites, wireless infrastructure, edge data centers, digital infrastructure",Growing,Positive,Infrastructure;Tower Operations;Colocation;Property Management;Wireless Technology,https://www.linkedin.com/company/americantower,"Communications infrastructure company owning and operating cell towers, broadcast sites, and digital infrastructure supporting wireless carriers and broadcasters globally",Medium
C209,"Equinix, Inc.",https://equinix.com,Real Estate,Data center real estate and interconnection services,United States,Redwood City,California,501-1000,9000M,1994,Public,Cloud providers; enterprises; content providers; network operators; governments,Real Estate + Colocation,Colocation rental + interconnection fees,Global,"Data centers, colocation, interconnection, cloud on-ramp, network dense ecosystems",Growing,Positive,Data Centers;Colocation;Interconnection;Cloud;Digital Infrastructure;Networking,https://www.linkedin.com/company/equinix,"Global data center and colocation company providing digital infrastructure, interconnection, and cloud on-ramp services to businesses and network operators worldwide",Medium
C210,Crown Castle,https://crowncastle.com,Real Estate,"Communications infrastructure: fiber networks, small cells, and tower assets",United States,Houston,Texas,501-1000,15000M,1994,Public,Wireless carriers; enterprises; municipalities; fiber tenants,Real Estate + Infrastructure,Rental income + fiber colocation fees,North America,"Fiber networks, small cells, towered fiber, communications infrastructure, neutral host",Growing,Neutral,Fiber Networks;Small Cells;Tower Operations;Infrastructure;Wireless Technology,https://www.linkedin.com/company/crown-castle,"Communications infrastructure company owning and operating fiber networks, small cells, and tower assets supporting wireless carriers and enterprise connectivity",Low
C211,Vornado Realty Trust,https://vornadore.com,Real Estate,"Commercial office real estate: investment, ownership, and management",United States,New York,New York,501-1000,3000M,1991,Public,Office tenants; corporate tenants; retail tenants,Real Estate,Rental income + property appreciation,United States,"Office buildings, retail properties, mixed-use developments in New York and other major markets",Stable,Neutral,Real Estate;Office;Property Management;Leasing;Development;Capital Markets,https://www.linkedin.com/company/vornado-realty-trust,Commercial real estate investment trust focused on office and retail properties in major U.S. markets including New York City,Low
C212,Boston Properties,https://bostonproperties.com,Real Estate,Premier office real estate: Class A office buildings in major U.S. cities,United States,Boston,Massachusetts,501-1000,4000M,1970,Public,Corporate office tenants; financial services; professional services,Real Estate,Rental income + leasing,United States,"Class A office buildings in Boston, New York, Washington DC, Chicago, Los Angeles, San Francisco, Seattle",Stable,Neutral,Real Estate;Office;Property Management;Leasing;Premium Office,https://www.linkedin.com/company/boston-properties,"REIT owning and operating premier Class A office buildings in major U.S. markets including Boston, New York, Washington DC, and San Francisco",Low
C213,Tanger Factory Outlet Centers,https://tanger.com,Real Estate,Outlet shopping centers: factory outlet retail real estate,United States,New York,New York,501-1000,2000M,1973,Public,Outlet retailers; luxury and brand tenants; consumers,Real Estate,Rental income + leasing fees,North America,"Factory outlet centers, outlet retail real estate, value retail shopping centers",Stable,Neutral,Real Estate;Outlet Centers;Retail;Leasing;Shopping Centers,https://www.linkedin.com/company/tanger-factory-outlet-centers,REIT owning and operating a portfolio of premium factory outlet centers across the United States and international locations,Low
C214,Kilroy Realty Corporation,https://kilroyre.com,Real Estate,"Office, mixed-use, and industrial real estate development and ownership",United States,Los Angeles,California,501-1000,1400M,1960,Public,Office tenants; retailers; consumers; technology companies,Real Estate,Rental income + development profit,United States,"Office buildings, mixed-use developments, industrial properties in California and the Western U.S.",Stable,Neutral,Real Estate;Office;Mixed-Use;Development;Property Management;California,https://www.linkedin.com/company/kilroy-realty,"Real estate company developing and owning office, mixed-use, and industrial properties primarily in California and the Western United States",Low
C215,RLI Corp,https://rlicorp.com,Real Estate,"Logistics, warehouse, and distribution real estate",United States,Chicago,Illinois,501-1000,3000M,1990,Public,Logistics companies; e-commerce; retailers; distribution companies,Real Estate,Rental income + leasing fees,North America,"Warehouse, distribution, logistics, and light industrial properties across North America",Growing,Neutral,Real Estate;Logistics;Warehouse;Distribution;Leasing;Property Management,https://www.linkedin.com/company/rlicorp,"Real estate company specializing in logistics, warehouse, and distribution properties serving e-commerce, retail, and supply chain tenants",Low
C216,Sony Group,https://sony.com,Entertainment & Media,"Entertainment: gaming, music, movies, TV, electronics, and financial services",Japan,Tokyo,Tokyo,10001-50000,90000M,1946,Public,Consumers; gamers; music listeners; movie/TV audiences; businesses,Consumer + B2B,Product sales + content licensing + game sales + services,Global,"PlayStation, music (Sony Music), movies (Sony Pictures), TV, electronics (VAIO, sensors), financial services",Growing,Positive,Gaming;Music;Film;TV;Consumer Electronics;Entertainment;Finance,https://www.linkedin.com/company/sony-group,"Global entertainment and electronics conglomerate with leading gaming (PlayStation), music (Sony Music), film (Sony Pictures), and consumer electronics businesses",Medium
C217,Live Nation Entertainment,https://livenation.com,Entertainment & Media,"Live entertainment: concert promotion, ticketing, and artist management",United States,New York,New York,101-250,15000M,2005,Public,Fans; artists; venues; festivals; sponsors,B2C + B2B,Ticket sales + concert promotion + artist management,Global,"Concert promotion, ticketing (Ticketmaster, Live Nation), artist management, festivals, venue operations",Growing,Mixed,Live Events;Ticketing;Venue Operations;Artist Management;Festival Production,https://www.linkedin.com/company/live-nation-entertainment,"Live entertainment company combining concert promotion, ticketing (Ticketmaster), artist management, and venue operations for music and live events globally",Medium
C218,Sea Limited,https://shopee.com,Entertainment & Media,"Digital entertainment and e-commerce: Garena gaming, Shopee e-commerce, SeaMoney fintech",Singapore,Singapore,Singapore,501-1000,20000M,2009,Public,Consumers; gamers; online shoppers; digital payment users,B2C,E-commerce + gaming + fintech revenue,Global + Asia,"Garena (Free Fire, League of Legends), Shopee e-commerce, SeaMoney digital payments",Growing,Mixed,Gaming;E-commerce;Fintech;Digital Platforms;Mobile;SEA,https://www.linkedin.com/company/sea-limited,"Leading consumer internet company in Southeast Asia operating Garena gaming, Shopee e-commerce, and SeaMoney digital financial services across the region",Medium
C219,MGM Resorts International,https://mgmresorts.com,Entertainment & Media,"Gaming and hospitality: casinos, hotels, resorts, and entertainment",United States,Las Vegas,Nevada,501-1000,23000M,1986,Public,Casino guests; hotel guests; tourists; entertainment audiences,B2C,Gaming revenue + hotel revenue + entertainment + food and beverage,North America,"Casinos, luxury hotels, resorts, shopping, dining, entertainment shows, sports betting",Stable,Neutral,Gaming;Hotels;Resorts;Entertainment;Sports Betting;Hospitality,https://www.linkedin.com/company/mgm-resorts-international,"Leading gaming and hospitality company operating iconic casinos, luxury hotels, and entertainment destinations including Bellagio, MGM Grand, and Aria in Las Vegas and across the U.S.",Low
C220,Fox Corporation,https://fox.com,Entertainment & Media,"Media: television broadcasting, cable news, sports, and television production",United States,New York,New York,501-1000,12000M,2019,Public,TV audiences; sports fans; advertisers; content partners,B2C + B2B,Advertising + content licensing + sports rights,United States + Global,"Fox News, Fox Broadcasting, Fox Sports, Fox Television Studios, sports broadcasting, news",Stable,Mixed,Television;Cable News;Sports Broadcasting;Content Production;Advertising,https://www.linkedin.com/company/fox-corporation,"Media company operating Fox News, Fox Broadcasting, and Fox Sports with television production and sports broadcasting operations in the U.S. and globally",Low
C221,Paramount Global,https://paramount.com,Entertainment & Media,"Media and entertainment: television networks, film studio, streaming, and content production",United States,New York,New York,501-1000,29000M,2019,Public,TV audiences; streaming subscribers; advertisers; content partners,B2C + B2B,Advertising + content licensing + streaming subscriptions + box office,Global,"CBS, MTV, Nickelodeon, Comedy Central, BET, Paramount+ streaming, Paramount Pictures film studio",Stable,Mixed,Television;Streaming;Film;Content Production;Advertising;Box Office,https://www.linkedin.com/company/paramount-global,"Global media and entertainment company with television networks (CBS, MTV, Nickelodeon), a film studio (Paramount Pictures), and streaming service (Paramount+)",Low
C222,"Netflix, Inc.",https://netflix.com,Entertainment & Media,"Streaming entertainment: movies, TV shows, documentaries, and original content",United States,Los Gatos,California,501-1000,45000M,1997,Public,Subscribers; content consumers; advertisers,B2C + B2B,Streaming subscriptions + advertising,Global,"Streaming video, original content, movies, TV shows, documentaries, games, advertising-supported tier",Growing,Positive,Streaming;Content;Original Programming;Advertising;Mobile;Data Analytics,https://www.linkedin.com/company/netflix,"Leading streaming entertainment service offering movies, TV shows, documentaries, and original content to subscribers globally with advertising-supported and premium tiers",High
C223,Warner Bros. Discovery,https://wbd.com,Entertainment & Media,"Media and entertainment: film and TV studio, cable networks, and streaming",United States,New York,New York,501-1000,38000M,2022,Public,TV audiences; streaming subscribers; advertisers; content partners,B2C + B2B,Advertising + content licensing + streaming subscriptions + box office,Global,"Warner Bros. film studio, HBO, Max streaming, Discovery, CNN, Cartoon Network, TLC, MGM",Stable,Mixed,Film;Television;Streaming;Content Production;Advertising;Box Office;Studios,https://www.linkedin.com/company/warner-bros-discovery,"Global media and entertainment company formed from the merger of WarnerMedia and Discovery with film and TV studios, cable networks, and Max streaming service",Low
C224,Walt Disney Company,https://disney.com,Entertainment & Media,"Entertainment: theme parks, media networks, film studios, streaming, consumer products",United States,Burbank,California,10001-50000,91000M,1923,Public,Consumers; theme park visitors; streaming subscribers; advertisers; licensees,B2C + B2B,Theme park revenue + content + streaming + consumer products + advertising,Global,"Disney+, Hulu, ABC, ESPN, theme parks, film studios, consumer products, Marvel, Pixar, Star Wars, National Geographic",Growing,Positive,Theme Parks;Streaming;Film;Media Networks;Consumer Products;Marvel;Star Wars;Content,https://www.linkedin.com/company/walt-disney-company,"Global entertainment company with iconic brands and businesses including theme parks, film studios, television networks, streaming (Disney+), and consumer products",Medium
C225,Deloitte Global,https://deloitte.com,Professional Services,"Audit, consulting, tax, risk advisory, and financial advisory services",United Kingdom,London,London,10001-50000,70500M,1845,Partnership,Fortune 500 companies; governments; mid-market; startups,B2B Professional Services,Service fees + advisory engagements,Global,"Audit and assurance, consulting (technology, strategy, operations), tax, risk advisory, financial advisory, human capital",Stable,Positive,Audit;Consulting;Strategy;Technology;Risk;Tax;Advisory;Human Capital,https://www.linkedin.com/company/deloitte,"Largest professional services firm worldwide providing audit, consulting, tax, risk advisory, and financial advisory services to clients in more than 150 countries",Medium
C226,PwC Global,https://pwc.com,Professional Services,"Audit, tax, consulting, and advisory services",United Kingdom,London,London,10001-50000,56900M,1998,Partnership,Fortune 500 companies; governments; mid-market; startups,B2B Professional Services,Service fees + advisory engagements,Global,"Audit and assurance, tax, consulting (strategy&, digital, operations), advisory, deals",Stable,Neutral,Audit;Tax;Consulting;Strategy&;Advisory;Deals;Risk,https://www.linkedin.com/company/pwc,"Second-largest professional services firm providing audit, tax, consulting, and advisory services across strategy, digital transformation, risk, and deals",Medium
C227,Ernst & Young Global,https://ey.com,Professional Services,"Audit, tax, consulting, strategy and transactions services",United Kingdom,London,London,10001-50000,53200M,1989,Partnership,Fortune 500 companies; governments; mid-market; startups,B2B Professional Services,Service fees + consulting engagements,Global,"Audit and assurance, tax, consulting (technology, operations, strategy), strategy and transactions, capstone",Stable,Neutral,Audit;Tax;Consulting;Strategy;Transactions;Technology;Operations;Risk,https://www.linkedin.com/company/ernst-young-global,"Global professional services firm offering audit, tax, consulting, and strategy and transactions services across technology, operations, and risk advisory",Medium
C228,KPMG International,https://kpmg.com,Professional Services,"Audit, tax, advisory, and consulting services",Netherlands,Amstelveen,North Holland,10001-50000,39800M,1987,Partnership,Fortune 500 companies; governments; mid-market; private equity; startups,B2B Professional Services,Service fees + advisory engagements + tax services,Global,"Audit and assurance, tax, advisory (deals, restructuring, forensic), consulting (technology, operations, strategy)",Stable,Neutral,Audit;Tax;Advisory;Consulting;Technology;Operations;Deals;Restructuring,https://www.linkedin.com/company/kpmg-international,"Global professional services network providing audit, tax, advisory, and consulting services across strategy, operations, technology, and deals advisory",Medium
C229,Grant Thornton International,https://grantthornton.com,Professional Services,"Audit, tax, advisory, and consulting services for mid-market businesses and organizations",United States,Chicago,Illinois,501-1000,18000M,1924,Partnership,Mid-market businesses; governments; non-profits; startups; family offices,B2B Professional Services,Service fees + audit + tax + advisory,Global,"Audit and assurance, tax, advisory (risk, transactions, strategy), forensic, consulting for mid-market and growth clients",Growing,Positive,Audit;Tax;Advisory;Risk;Transactions;Forensic;Mid-Market;Consulting,https://www.linkedin.com/company/grant-thornton-international,"Global professional services network providing audit, tax, and advisory services primarily focused on mid-market businesses, growth companies, and organizations",Low
C230,Bain & Company,https://bain.com,Professional Services,Management consulting and strategy advisory services,United States,Boston,Massachusetts,501-1000,18000M,1973,Private,Fortune 500 executives; governments; mid-market; startups; private equity,B2B Professional Services,Consulting engagement fees + retainer,Global,"Strategy consulting, private equity advisory, corporate performance improvement, M&A, digital transformation, organizational culture",Growing,Positive,Strategy Consulting;Private Equity;M&A;Performance Improvement;Digital Transformation;Culture,https://www.linkedin.com/company/bain-and-company,"Leading global management consulting firm advising executives on strategy, private equity, performance improvement, M&A, and organizational transformation",Low
C231,Boston Consulting Group,https://bcg.com,Professional Services,Management consulting and strategy advisory services,United States,Boston,Massachusetts,501-1000,16000M,1963,Private,Fortune 500 executives; governments; non-profits; startups,B2B Professional Services,Consulting engagement fees + enterprise partnerships,Global,"Strategy consulting, corporate strategy, digital transformation, innovation, organizational design, sustainability",Growing,Positive,Strategy Consulting;Digital Transformation;Innovation;Corporate Strategy;Sustainability,https://www.linkedin.com/company/boston-consulting-group,"Global management consulting and technology company advising business and public sector leaders on strategy, digital transformation, and innovation",Low
C232,McKinsey & Company,https://mckinsey.com,Professional Services,"Management consulting, strategy, and organizational transformation",United States,New York,New York,501-1000,16000M,1926,Private,Fortune 500 executives; governments; non-profits; organizations,B2B Professional Services,Consulting engagement fees,Global,"Corporate strategy, organizational transformation, operations, digital and technology, marketing and sales, risk, sustainability",Stable,Mixed,Strategy Consulting;Operations;Digital;Technology;Organizational Transformation;Risk,https://www.linkedin.com/company/mckinsey-and-company,"Leading global management consulting firm advising organizations and governments on corporate strategy, organizational transformation, operations, and digital technologies",Low
C233,Accenture plc,https://accenture.com,Professional Services,"Technology consulting, outsourcing, and digital transformation services",Republic of Ireland,Dublin,Dublin,10001-50000,64000M,1989,Public,Fortune 500 companies; governments; mid-market; enterprises,B2B Professional Services,Consulting + outsourcing + managed services,Global,"Technology consulting, digital transformation, cloud, AI, cybersecurity, outsourcing, managed services, operations, strategy",Growing,Positive,Technology Consulting;Digital Transformation;Cloud;AI;Cybersecurity;Outsourcing;Managed Services,https://www.linkedin.com/company/accenture,"Global professional services company providing technology consulting, digital transformation, cloud, AI, cybersecurity, and outsourcing services to enterprises worldwide",Medium
C234,Capgemini SE,https://capgemini.com,Professional Services,"Consulting, technology services, and outsourcing",France,Paris,Paris,10001-50000,24000M,1967,Public,Fortune 500 companies; governments; enterprises; mid-market,B2B Professional Services,Consulting + technology services + outsourcing,Global,"IT consulting, digital transformation, cloud, cybersecurity, data, AI, technology services, outsourcing, application services",Stable,Positive,IT Consulting;Digital Transformation;Cloud;Cybersecurity;Data;AI;Technology Services;Outsourcing,https://www.linkedin.com/company/capgemini,"Global leader in consulting, technology services, and outsourcing helping enterprises with digital transformation, cloud, AI, cybersecurity, and IT services",Medium
C235,Alvarez & Marsal,https://alvarezandmarsal.com,Professional Services,"Performance improvement, turnaround management, crisis management, and turnaround consulting",United States,New York,New York,501-1000,2500M,1981,Private,Companies in distress; private equity; corporations; boards; government entities,B2B Professional Services,Consulting engagement fees,Global,"Turnaround management, performance improvement, crisis management, restructuring, operational turnaround, interim management",Growing,Positive,Turnaround;Performance Improvement;Crisis Management;Restructuring;Interim Management;Operations,https://www.linkedin.com/company/alvarez-marsal,"Global professional services firm specializing in performance improvement, turnaround management, crisis management, and restructuring for companies in distress and private equity clients",Low
C236,Exxon Mobil Corporation,https://exxonmobil.com,Energy / Oil & Gas,"Oil and gas exploration, production, refining, chemicals, and marketing",United States,Irving,Texas,10001-50000,340000M,1882,Public,Consumers; industrial; commercial; aviation; marine,Oil & Gas + Chemicals,Product sales + chemical sales + marketing,Global,"Crude oil, natural gas, gasoline, diesel, jet fuel, lubricants, petrochemicals, specialty chemicals",Stable,Neutral,Exploration;Production;Refining;Chemicals;Marketing;Supply Chain;Pipeline,https://www.linkedin.com/company/exxon-mobil-corporation,"Major integrated oil and gas company with operations in exploration, production, refining, chemicals, and global product marketing",Low
C237,Chevron Corporation,https://chevron.com,Energy / Oil & Gas,"Oil and gas exploration, production, refining, marketing, and chemicals",United States,San Ramon,California,501-1000,197000M,1879,Public,Consumers; industrial; commercial; aviation; marine,Oil & Gas + Chemicals,Product sales + chemical sales + marketing,Global,"Crude oil, natural gas, gasoline, diesel, chemicals, lubricants, petrochemicals",Stable,Neutral,Exploration;Production;Refining;Chemicals;Marketing;Supply Chain;Pipeline,https://www.linkedin.com/company/chevron,"Major integrated energy company with operations in oil and gas exploration, production, refining, marketing, and chemicals globally",Low
C238,Shell plc,https://shell.com,Energy / Oil & Gas,"Oil and gas: integrated energy, oil products, gas, LNG, chemicals, and renewables",United Kingdom,London,London,10001-50000,302000M,1907,Public,Consumers; industrial; commercial; aviation; energy companies,Oil & Gas + Chemicals + Energy,Product sales + chemical sales + energy sales,Global,"Crude oil, natural gas, LNG, gasoline, diesel, lubricants, petrochemicals, renewable energy, electricity",Stable,Neutral,Exploration;Production;Refining;LNG;Chemicals;Marketing;Renewables,https://www.linkedin.com/company/shell,"Global energy company with integrated operations in oil and gas exploration, production, refining, chemicals, LNG, and renewable energy",Low
C239,BP p.l.c.,https://bp.com,Energy / Oil & Gas,"Oil and gas: integrated energy, oil production, refining, marketing, and low-carbon energy",United Kingdom,London,London,10001-50000,200000M,1908,Public,Consumers; industrial; commercial; aviation; energy companies,Oil & Gas + Low Carbon Energy,Product sales + chemical sales + energy,Global,"Crude oil, natural gas, gasoline, diesel, petrochemicals, EV charging, renewable energy, hydrogen",Stable,Negative,Exploration;Production;Refining;Marketing;Renewables;EV Charging;Hydrogen,https://www.linkedin.com/company/bp,"Global energy company with oil and gas operations and growing low-carbon energy businesses including EV charging, renewables, and hydrogen",Low
C240,Equinor ASA,https://equinor.com,Energy / Oil & Gas,"Energy: oil and gas, renewables, and low-carbon solutions",Norway,Stavanger,Rogaland,501-1000,105000M,1972,Public,Energy companies; consumers; governments; industrial,Oil & Gas + Renewables,Product sales + energy sales,Global,"Crude oil, natural gas, LNG, wind power, solar, carbon capture, hydrogen",Stable,Neutral,Exploration;Production;Renewables;Wind;Carbon Capture;Hydrogen;LNG,https://www.linkedin.com/company/equinor,Norwegian energy company with oil and gas operations and significant renewable energy investments including wind power and carbon capture projects,Low
C241,Saudi Aramco,https://aramco.com,Energy / Oil & Gas,"Oil and gas: exploration, production, refining, chemicals, and marketing",Saudi Arabia,Dhahran,Eastern Province,10001-50000,495000M,1933,Public,Consumers; industrial; commercial; national oil companies; refineries,Oil & Gas + Chemicals,Product sales + chemical sales,Global + Middle East,"Crude oil, natural gas, refined products, petrochemicals, fertilizers",Stable,Neutral,Exploration;Production;Refining;Chemicals;Marketing;Oil,https://www.linkedin.com/company/saudi-aramco,"World's largest oil and gas company with integrated operations in exploration, production, refining, chemicals, and global marketing",Low
C242,TotalEnergies SE,https://totalenergies.com,Energy / Oil & Gas,"Oil and gas: integrated energy, oil and gas, electricity, renewables, and gas",France,Paris,Paris,501-1000,210000M,1924,Public,Consumers; industrial; commercial; energy companies; governments,Oil & Gas + Electricity + Renewables,Product sales + energy sales + electricity,Global,"Crude oil, natural gas, LNG, electricity, renewable energy, solar, wind, biofuels",Stable,Neutral,Exploration;Production;Refining;Electricity;Renewables;Biofuels;LNG,https://www.linkedin.com/company/totalenergies,"Global integrated energy company with oil and gas operations and growing electricity, renewables, and biofuel businesses",Low
C243,ConocoPhillips,https://conocophillips.com,Energy / Oil & Gas,Independent oil and gas exploration and production,United States,Houston,Texas,501-1000,56400M,1917,Public,Energy companies; wholesale buyers; refineries,Oil & Gas,Product sales,Global,"Crude oil, natural gas, natural gas liquids, LNG, oil sands",Stable,Positive,Exploration;Production;EOR;LNG;Oil Sands;North America;International,https://www.linkedin.com/company/conocophillips,"Independent exploration and production company focused on oil and gas resources with operations across North America, Europe, Asia, and other regions",Low
C244,Marathon Petroleum Corporation,https://marathonpetroleum.com,Energy / Oil & Gas,"Oil refining, marketing, and midstream operations",United States,Findlay,Ohio,501-1000,147000M,1982,Public,Refineries; wholesale; retail; commercial; industrial,Oil & Gas Refining + Marketing + Midstream,Product sales + midstream fees,North America,"Gasoline, diesel, jet fuel, asphalt, refining, marketing, midstream pipelines and terminals",Stable,Positive,Refining;Marketing;Midstream;Pipeline;Terminal;Wholesale;Retail,https://www.linkedin.com/company/marathon-petroleum-corporation,"Leading independent petroleum refining and marketing company with refining operations, retail brands (Marathon, Speedway), and midstream infrastructure",Low
C245,Valero Energy Corporation,https://valero.com,Energy / Oil & Gas,"Oil refining, ethanol, and renewable diesel production",United States,San Antonio,Texas,501-1000,140000M,1984,Public,Refineries; wholesale; retail; commercial; industrial; renewable fuel buyers,Oil & Gas Refining + Renewable Fuels,Product sales + renewable fuel sales,North America,"Gasoline, diesel, jet fuel, asphalt, ethanol, renewable diesel, refining",Stable,Positive,Refining;Renewable Diesel;Ethanol;Marketing;Wholesale;Renewable Fuels,https://www.linkedin.com/company/valero-energy-corporation,"Major independent refining company producing gasoline, diesel, jet fuel, and asphalt with growing renewable diesel and ethanol production businesses",Low
C246,Enterprise Products Partners,https://eplus.com,Energy / Oil & Gas,"Oil and gas midstream: pipelines, terminals, and processing",United States,Houston,Texas,10001-50000,54800M,1968,MLP/Public,Oil and gas producers; refiners; midstream customers; shippers,Oil & Gas Midstream + Storage + Processing,Midstream fees + processing fees + storage rents,North America,"Pipelines, natural gas processing, NGL fractionation, terminals, storage, export facilities",Stable,Positive,Midstream;Pipelines;Processing;Fractionation;Storage;Terminals;NGL;Export,https://www.linkedin.com/company/enterprise-products-partners,"Leading oil and gas midstream company operating extensive pipeline, processing, fractionation, terminal, and storage networks across North America",Low
C247,Williams Companies,https://williams.com,Energy / Oil & Gas,"Natural gas midstream: pipelines, gathering, processing, and trading",United States,Tulsa,Oklahoma,501-1000,10400M,1905,Public,Natural gas producers; pipelines; utilities; LNG exporters,Oil & Gas Midstream,Midstream fees + processing fees + gathering fees,North America + Global,"Natural gas gathering, processing, pipelines, LNG export, gas trading, compression",Stable,Neutral,Gathering;Processing;Pipelines;LNG;Compression;Trading;Midstream,https://www.linkedin.com/company/williams-companies,"Natural gas midstream company operating gathering, processing, pipeline, and LNG export assets across major natural gas basins in North America",Low
C248,"Waste Management, Inc.",https://wm.com,Environmental / Waste,"Waste management, recycling, and environmental services",United States,Houston,Texas,10001-50000,21000M,1968,Public,Residential; commercial; industrial; municipal; construction,Waste Management + Recycling + Environmental Services,Service fees + tipping fees + recycling revenue,North America + Global,"Residential waste collection, commercial waste, industrial waste, recycling, landfill operations, energy recovery",Stable,Positive,Waste Collection;Recycling;Landfill;Energy Recovery;Environmental Services;Logistics,https://www.linkedin.com/company/waste-management-inc,"Leading waste management company providing residential, commercial, industrial waste collection, recycling, and landfill services with energy recovery operations",Medium
C249,Republic Services,https://republicservices.com,Environmental / Waste,"Non-hazardous waste collection, recycling, and disposal services",United States,Phoenix,Arizona,10001-50000,16600M,1998,Public,Residential; commercial; industrial; municipal; construction,Waste Management + Recycling + Disposal,Service fees + disposal fees + recycling revenue,North America,"Waste collection, recycling, solid waste disposal, industrial waste, construction debris, portable toilets",Stable,Positive,Waste Collection;Recycling;Disposal;Industrial Waste;Construction Waste;Logistics,https://www.linkedin.com/company/republic-services,"Major waste management company providing non-hazardous waste collection, recycling, and disposal services to residential, commercial, and industrial customers",Medium
C250,"Clean Harbors, Inc.",https://cleanharbors.com,Environmental / Waste,"Hazardous waste management, environmental services, and emergency response",United States,Quincy,Massachusetts,501-1000,4200M,1980,Public,Industrial; manufacturing; oil and gas; government; power generation,Hazardous Waste + Environmental Services,Service fees + disposal fees + remediation,North America + Global,"Hazardous waste collection, disposal, recycling, industrial cleaning, field services, environmental remediation, emergency response",Stable,Positive,Hazardous Waste;Environmental Services;Industrial Cleaning;Remediation;Emergency Response;Safety,https://www.linkedin.com/company/clean-harbors,"Leading provider of hazardous waste management, environmental services, and industrial cleaning with emergency response capabilities for industrial and government clients",Medium
C251,Suez S.A.,https://suez.com,Environmental / Waste,"Water and waste management: water treatment, waste-to-energy, and circular economy",France,Paris,Paris,10001-50000,27000M,2000,Public,Municipalities; utilities; industrial; commercial,Utilities + Waste Management + Water,Service fees + utility fees + waste management,Global,"Water treatment, waste collection and disposal, recycling, water utilities, waste-to-energy, circular economy solutions",Stable,Positive,Water Treatment;Waste Management;Utilities;Recycling;Waste-to-Energy;Circular Economy,https://www.linkedin.com/company/suez,"Global utilities company providing water management and waste treatment services with a focus on water treatment, recycling, and circular economy solutions",Medium
C252,Veolia Environnement,https://veolia.com,Environmental / Waste,"Water, waste, and energy services: treatment, recycling, and resource recovery",France,Paris,Paris,10001-50000,43000M,1870,Public,Municipalities; utilities; industrial; commercial; residential,Utilities + Waste Management + Energy,Service fees + utility fees + resource recovery,Global,"Water treatment and distribution, waste collection and recycling, energy recovery, remediation, ecological transformation",Growing,Positive,Water;Waste;Energy Recovery;Recycling;Remediation;Ecological Transformation;Utilities,https://www.linkedin.com/company/veolia-environnement,"Global environmental services company providing water, waste, and energy solutions with a focus on resource recovery, recycling, and ecological transformation",Medium
C253,Ecolab Inc.,https://ecolab.com,Environmental / Waste,"Water, hygiene, and infection prevention solutions",United States,Saint Paul,Minnesota,501-1000,16000M,1923,Public,Foodservice; hospitality; healthcare; manufacturing; commercial,Environmental Services + Water + Hygiene,Product sales + services,Global,"Water treatment, sanitation, hand hygiene, infection prevention, cleaning and sanitizing solutions",Growing,Positive,Water Treatment;Hygiene;Infection Prevention;Sanitation;Cleaning;Healthcare;Foodservice,https://www.linkedin.com/company/ecolab,"Global provider of water, hygiene, and infection prevention solutions and services for foodservice, hospitality, healthcare, and industrial markets",Medium
C254,Deere & Company,https://johndeere.com,Agriculture,"Agricultural and construction equipment: tractors, harvesters, sprayers, and construction equipment",United States,Moline,Illinois,10001-50000,45000M,1837,Public,Farmers; agricultural producers; construction companies; turf and grounds maintenance,Agricultural Equipment + Construction Equipment,Product sales + financing + aftermarket parts,Global + North America,"Tractors, harvesters, sprayers, planters, construction equipment, turf equipment, forestry equipment, autonomous technology",Stable,Positive,Agricultural Equipment;Construction Equipment;Precision Ag;Tractors;Autonomous;Manufacturing;Aftermarket,https://www.linkedin.com/company/deere-and-company,"Leading manufacturer of agricultural and construction equipment including tractors, harvesters, sprayers, and autonomous farming technology for agriculture and construction",Medium
C255,Bayer Aktiengesellschaft,https://bayer.com,Agriculture,"Crop science, seeds, pesticides, herbicides, and digital farming solutions",Germany,Leverkusen,North Rhine-Westphalia,501-1000,60000M,1863,Public,Farmers; agricultural producers; agricultural distributors; gardens; turf,Agriculture + Pharmaceuticals,Product sales + crop protection + seeds,Global,"Crop protection chemicals, seeds and traits, digital farming, agricultural biologicals, gardening products",Stable,Mixed,Crop Science;Seeds;Pesticides;Herbicides;Digital Farming;Agriculture;Seeds Traits,https://www.linkedin.com/company/bayer-agriculture,"Global agriculture company providing crop science products including seeds, crop protection chemicals, digital farming solutions, and gardening products",Low
C256,Nutrien Ltd.,https://nutrien.com,Agriculture,"Agriculture inputs: fertilizer, crop protection, and seed products",Canada,Lloydminster,Saskatchewan,10001-50000,26000M,2018,Public,Farmers; agricultural producers; crop protection buyers,Agriculture + Fertilizer + Crop Protection,Product sales,Global + North America,"Fertilizer (potash, nitrogen, phosphate), crop protection, seeds, agronomic services",Growing,Positive,Fertilizer;Potash;Nitrogen;Phosphate;Crop Protection;Seeds;Agronomy,https://www.linkedin.com/company/nutrien,"Leading agriculture company providing fertilizer (potash, nitrogen, phosphate), crop protection products, and seeds to farmers worldwide",Medium
C257,Corteva Agriscience,https://corteva.com,Agriculture,"Agriculture: crop protection, seeds, and digital farming solutions",United States,Indianapolis,Indiana,501-1000,17000M,2018,Public,Farmers; agricultural producers; agricultural distributors; gardens,Agriculture + Crop Protection + Seeds,Product sales,Global,"Crop protection chemicals, seeds and traits, digital farming, agricultural biologicals, turf and ornamentals",Stable,Positive,Crop Protection;Seeds;Digital Farming;Agricultural Biologicals;Turf;Ornamentals,https://www.linkedin.com/company/corteva-agriscience,"Global agriculture company providing crop protection, seeds, and digital farming solutions for row crops, specialty crops, and turf and ornamental markets",Medium
C258,Archer-Daniels-Midland,https://adm.com,Agriculture,"Food processing and commodities: oilseeds, grains, ethanol, and specialty ingredients",United States,Chicago,Illinois,501-1000,85000M,1902,Public,Food manufacturers; foodservice; retailers; industrial; biofuels,Food Processing + Commodities + Ag Products,Product sales + commodity trading + processing,Global,"Soybeans, corn, wheat, vegetable oils, protein meals, ethanol, specialty ingredients, cocoa, starches",Stable,Neutral,Grain Processing;Oilseed Processing;Commodity Trading;Ethanol;Biofuels;Food Ingredients;Agronomy,https://www.linkedin.com/company/archer-daniels-midland,"Global food processing and commodities company processing oilseeds, grains, and specialty crops into food ingredients, biofuels, and animal feed products",Low
C259,CHS Inc.,https://chsinc.com,Agriculture,"Agricultural cooperative: farm supplies, grain marketing, and food ingredients",United States,Overland Park,Kansas,10001-50000,20000M,1905,Cooperative,Farmers; agricultural producers; food manufacturers; retailers,Agriculture + Food + Farm Supplies,Cooperative sales + grain marketing + farm supply sales,North America,"Farm supplies, grain marketing and distribution, food ingredients, agricultural equipment, precision ag",Stable,Positive,Farm Supplies;Grain Marketing;Food Ingredients;Agriculture;Cooperative;Precision Ag,https://www.linkedin.com/company/chs-inc,"Agricultural cooperative providing farm supplies, grain marketing and distribution, and food ingredients to farmers and food manufacturers across North America",Medium
C260,Tetra Pak International,https://tetrapak.com,Agriculture,"Food processing and packaging solutions: packaging, processing equipment, and services",Sweden,Lund,Skane,10001-50000,16000M,1951,Private,Food and beverage manufacturers; dairies; juice producers; food processors,Food Processing + Packaging + Services,Product sales + equipment + services,Global,"Food packaging (cartons, aseptic packaging), processing equipment, filling machines, food safety, supply chain services",Stable,Positive,Food Packaging;Processing Equipment;Filling Machines;Aseptic Packaging;Dairy;Food Safety;Supply Chain,https://www.linkedin.com/company/tetra-pak,"Global provider of food processing and packaging solutions including aseptic carton packaging, processing equipment, and food safety services for the food and beverage industry",Medium
C261,Williams-Sonoma Inc.,https://williams-sonoma.com,Consumer Durables,"Home furnishings: cookware, cutlery, kitchen appliances, and home decor",United States,Chicago,Illinois,501-1000,7400M,1956,Public,Home cooks; kitchen enthusiasts; home decorators; gift buyers,Consumer Durables + Home Furnishings,Product sales + e-commerce + catalog,North America + Global,"Cookware, cutlery, kitchen appliances, food, home decor, table linens, gifts, home fragrance",Stable,Positive,E-commerce;Retail;Product Sales;Brands;Catalog;Home Decor;Cookware,https://www.linkedin.com/company/williams-sonoma-inc,"Home furnishings retailer selling cookware, cutlery, kitchen appliances, home decor, and food products through multiple brands and channels",Medium
C262,Herman Miller (now MillerKnoll),https://millerknoll.com,Consumer Durables,"Design furniture and office products: office furniture, seating, and workspace solutions",United States,Zeeland,Michigan,501-1000,1800M,1905,Public,Companies; offices; design professionals; schools; healthcare,Office Furniture + Design + Seating,Product sales + services,Global,"Office chairs, desks, storage, workspace solutions, design furniture, seating, ergonomic products",Stable,Positive,Design;Furniture;Office Furniture;Seating;Workspace Solutions;Ergonomics;Manufacturing,https://www.linkedin.com/company/millerknoll,"Leading designer and manufacturer of office furniture, seating, and workspace solutions for offices, schools, and healthcare environments with iconic design brands",Medium
C263,La-Z-Boy Furniture,https://lazboy.com,Consumer Durables,"Home furniture: recliners, sofas, sectionals, chairs, and home furnishings",United States,Monroe,Michigan,501-1000,2400M,1927,Public,Homeowners; furniture buyers; retailers; consumers,Furniture + Home Furnishings,Product sales + retail franchisee,North America,"Recliners, sofas, sectionals, chairs, home furnishings, living room furniture, beds, mattresses",Stable,Neutral,Furniture;Home Furnishings;Recliners;Sofas;Living Room;Retail;Manufacturing;Catalog,https://www.linkedin.com/company/lazyboy-furniture,"Furniture company known for recliners, sofas, and sectionals selling through retail stores, e-commerce, and independent dealers throughout North America",Medium
C264,Acme Brick Company,https://acemen.com,Consumer Durables,"Brick, masonry, and building materials: brick, pavers, and stone veneer",United States,Fort Worth,Texas,501-1000,1000M,1981,Public,Homebuilders; contractors; architects; developers; consumers,Building Materials + Brick + Masonry,Product sales + fabricator distribution,North America,"Brick, pavers, stone veneer, masonry products, building materials, tile, hardscape",Stable,Neutral,Brick;Masonry;Building Materials;Pavers;Stone Veneer;Hardscape;Tile;Contractors,https://www.linkedin.com/company/acme-brick,"Brick and building materials company manufacturing brick, pavers, stone veneer, and related masonry products for residential and commercial construction",Low
C265,Lincoln Electric Holdings,https://lincolnelectric.com,Consumer Durables,"Welding products, arc welding equipment, and cutting products",United States,Cleveland,Ohio,501-1000,4000M,1895,Public,Industrial manufacturers; fabricators; construction; automotive; shipbuilding,Welding + Cutting + Fabrication Equipment,Product sales + welding services + consumables,Global,"Arc welding equipment, cutting equipment, welding consumables, automation, robotics, training, safety equipment",Stable,Positive,Welding;Cutting;Automation;Robotics;Fabrication;Industrial;Construction;Safety,https://www.linkedin.com/company/lincoln-electric,"Leading manufacturer of welding products, cutting equipment, and fabrication solutions for industrial, construction, and manufacturing applications globally",Medium
C266,Stanley Black & Decker,https://stanleyblackdecker.com,Consumer Durables,"Power tools, hand tools, and related accessories and products",United States,Newark,New Jersey,10001-50000,15000M,1843,Public,Consumers; professionals; contractors; industrial; retail,Power Tools + Hand Tools + Accessories,Product sales + e-commerce,Global,"Power tools, hand tools, storage, accessories, products for industrial, professional, and consumer use",Stable,Positive,Power Tools;Hand Tools;Storage;Accessories;Professional;Industrial;Manufacturing;Brands,https://www.linkedin.com/company/stanley-black-decker,"Leading manufacturer of power tools, hand tools, and related accessories and products for professional, industrial, and consumer applications worldwide",Medium
C267,Walter Surface Technologies,https://walrespectives.com,Consumer Durables,"Surface treatment, finishing, and metal removal products and services",United States,Woburn,Massachusetts,501-1000,800M,1985,Private,Industrial manufacturers; metal fabricators; aerospace; automotive; medical,Surface Treatment + Finishing + Metal Removal,Product sales + services + distribution,North America + Global,"Surface treatment chemicals, abrasive products, finishing tools, metal removal, deburring, polishing, surface preparation",Stable,Neutral,Surface Treatment;Finishing;Metal Removal;Abrasive Products;Deburring;Polishing;Manufacturing,https://www.linkedin.com/company/walter-surface-technologies,"Provider of surface treatment, finishing, and metal removal products and services for industrial manufacturing and metal fabrication applications",Low
C268,Weber-Stephen Products,https://weber.com,Consumer Durables,"Outdoor cooking products: grills, smokers, and outdoor kitchen equipment",United States,Palatine,Illinois,501-1000,2000M,1952,Private,Consumers; outdoor cooking enthusiasts; retailers; restaurants,Outdoor Cooking + Grills + Outdoor Kitchen,Product sales + retail distribution,North America + Global,"Gas and charcoal grills, smokers, outdoor kitchens, accessories, outdoor cooking products",Stable,Neutral,Grills;Outdoor Cooking;Smokers;Outdoor Kitchens;Accessories;Retail;Consumer Products,https://www.linkedin.com/company/weber-stephen-products,"Leading manufacturer of outdoor cooking products including gas and charcoal grills, smokers, and outdoor kitchen equipment for residential and commercial use",Medium
C269,Newell Brands,https://newellbrands.com,Consumer Durables,"Consumer products: home, office, and lifestyle brands and products",United States,Atlanta,Georgia,501-1000,9000M,1969,Public,Consumers; households; office users; retailers; gift buyers,Consumer Products + Home + Office,Product sales + e-commerce + retail,Global,"Consumer products across home, office, lifestyle, and entertainment categories including writing instruments, home organizers, storage, office supplies, personal care",Stable,Neutral,Consumer Products;Home;Office;Lifestyle;Brands;Office Supplies;Writing Instruments;E-commerce,https://www.linkedin.com/company/newell-brands,"Consumer products company owning and operating a portfolio of home, office, and lifestyle brands offering products for household, office, and personal use",Low
C270,Zoetis Inc.,https://zoetis.com,Pet Care / Animal Health,"Animal health: vaccines, medicines, and diagnostic products for pets and livestock",United States,Kalamazoo,Michigan,501-1000,8000M,2013,Public,Veterinarians; pet owners; livestock producers; animal health distributors,Pet Care + Animal Health + Veterinary,Product sales + animal health products,Global,"Animal vaccines, parasiticides, therapeutics, diagnostics, pet health products, livestock health products",Growing,Positive,Animal Health;Vaccines;Parasiticides;Therapeutics;Diagnostics;Pet Health;Livestock;Veterinary,https://www.linkedin.com/company/zoetis,"Leading global animal health company providing vaccines, parasiticides, therapeutics, and diagnostic products for pets and livestock to veterinarians and animal owners",Medium
C271,Merck Animal Health,https://merck-animal-health.com,Pet Care / Animal Health,"Animal health: vaccines, parasiticides, and health products for pets and livestock",United States,Rahway,New Jersey,501-1000,6000M,1899,Public,Veterinarians; pet owners; livestock producers; animal health distributors,Pet Care + Animal Health + Veterinary,Product sales + animal health products,Global,"Animal vaccines, parasiticides, health products, livestock health, pet health, poultry health, swine health",Growing,Positive,Animal Health;Vaccines;Parasiticides;Pet Health;Livestock;Poultry;Swine;Veterinary,https://www.linkedin.com/company/merck-animal-health,"Animal health business of Merck providing vaccines, parasiticides, and animal health products for pets, livestock, poultry, and swine to veterinarians and animal producers",Medium
C272,Elanco Animal Health,https://elanco.com,Pet Care / Animal Health,Animal health: products and services for pets and livestock,United States,Greenfield,Indiana,501-1000,4500M,2010,Public,Veterinarians; pet owners; livestock producers; animal health distributors,Pet Care + Animal Health + Veterinary,Product sales + animal health products + services,Global,"Animal health products, parasiticides, vaccines, nutrition products, pet care products, livestock health",Growing,Positive,Animal Health;Parasiticides;Vaccines;Nutrition;Pet Care;Livestock Health;Veterinary;Services,https://www.linkedin.com/company/elanco-animal-health,"Global animal health company providing products and services for pets and livestock including parasiticides, vaccines, nutrition, and animal health solutions",Medium
C273,"PetSmart, Inc.",https://petsmart.com,Pet Care,"Pet supplies, services, and adoption: retail pet stores and online pet sales",United States,Phoenix,Arizona,10001-50000,11000M,1986,Private,Pet owners; pet parents; pet lovers; families,Pet Care + Retail + Services + Adoption,Product sales + grooming + services + adoption,North America,"Pet food, pet supplies, pet toys, pet grooming, pet training, pet adoption, dog walking, pet boarding",Stable,Positive,Pet Supplies;Pet Food;Grooming;Pet Services;Pet Adoption;Dog Walking;Pet Boarding;Retail,https://www.linkedin.com/company/pet-smart,"Leading pet retailer selling pet food, supplies, and toys with in-store grooming, training, and pet adoption services and online pet sales",Medium
C274,"Chewy, Inc.",https://chewy.com,Pet Care,"Online pet retailer: pet food, supplies, medications, and pet services",United States,Southborough,Massachusetts,10001-50000,11000M,2011,Public,Pet owners; pet parents; pet lovers; families,Pet Care + E-commerce + Retail + Services,Product sales + subscription + pet pharmacy,North America,"Pet food, pet supplies, pet medications, pet pharmacy, pet toys, pet subscription boxes, pet wellness",Growing,Positive,Pet Food;Pet Supplies;Pet Pharmacy;Subscription;E-commerce;Pet Wellness;Pet Toys;Online Retail,https://www.linkedin.com/company/chewy,"Leading online pet retailer offering pet food, supplies, medications, pet pharmacy, and pet wellness products with subscription and personalized shopping experiences",Medium
C275,Union Pacific Corporation,https://up.com,Logistics / Rail,"Rail freight transportation: intermodal, bulk, industrial, and agricultural freight",United States,Omaha,Nebraska,501-1000,24000M,1862,Public,Shippers; consumers; businesses; agricultural producers; manufacturers,Rail Freight + Intermodal + Logistics,Freight revenue + intermodal revenue,North America,"Rail freight: intermodal, bulk commodities, industrial products, agricultural products, automotive, chemicals, energy",Stable,Positive,Rail Freight;Intermodal;Freight;Logistics;Railroads;Transportation;Supply Chain;Network,https://www.linkedin.com/company/union-pacific-corporation,"Major railroad company providing freight transportation across the western United States including intermodal, bulk, industrial, and agricultural commodities",Low
C276,Norfolk Southern Corporation,https://nsc.com,Logistics / Rail,"Rail freight transportation: intermodal, bulk, industrial, and agricultural freight",United States,Atlanta,Georgia,501-1000,10000M,1889,Public,Shippers; consumers; businesses; agricultural producers; manufacturers,Rail Freight + Intermodal + Logistics,Freight revenue + intermodal revenue,North America,"Rail freight: intermodal, automotive, agricultural, chemical, plastic, paper, intermodal containers, bulk commodities",Stable,Positive,Rail Freight;Intermodal;Freight;Logistics;Railroads;Transportation;Supply Chain,https://www.linkedin.com/company/norfolk-southern-corporation,"Major railroad company providing freight transportation across the eastern United States including intermodal, automotive, agricultural, chemical, and bulk commodities",Low
C277,CSX Corporation,https://csx.com,Logistics / Rail,"Rail freight transportation: intermodal, bulk, industrial, and consumer products",United States,Jacksonville,Florida,501-1000,12000M,1980,Public,Shippers; consumers; businesses; agricultural producers; manufacturers,Rail Freight + Intermodal + Logistics,Freight revenue + intermodal revenue,North America,"Rail freight: intermodal, consumer products, agricultural products, construction materials, chemicals, energy, metals",Stable,Positive,Rail Freight;Intermodal;Freight;Logistics;Railroads;Transportation;Supply Chain;Infrastructure,https://www.linkedin.com/company/csx-corporation,"Major railroad company providing freight transportation across the eastern United States including intermodal, consumer products, agricultural, and construction materials",Low
C278,Schneider National,https://schneider.com,Logistics / Trucking,"Trucking, logistics, and intermodal transportation services",United States,Green Bay,Wisconsin,10001-50000,7800M,1935,Public,Shippers; manufacturers; retailers; distributors; businesses,Trucking + Logistics + Intermodal + Transportation,Freight revenue + logistics services,North America,"Truckload, intermodal, less-than-truckload, dedicated freight, logistics services, brokerage, supply chain solutions",Stable,Positive,Trucking;Intermodal;Logistics;Freight;Supply Chain;Transportation;Dedicated;Brokerage,https://www.linkedin.com/company/schneider-national,"Leading provider of trucking, logistics, and intermodal transportation services including truckload, intermodal, dedicated, and supply chain solutions",Medium
C279,J.B. Hunt Transport Services,https://jbhunt.com,Logistics / Trucking,"Transportation services: trucking, intermodal, and logistics",United States,Lowell,Arkansas,10001-50000,11000M,1961,Public,Shippers; manufacturers; retailers; distributors; businesses,Trucking + Intermodal + Logistics + Transportation,Freight revenue + logistics services + intermodal,North America,"Truckload, intermodal, intermodal containers, logistics, dedicated transportation, technology-enabled freight services",Growing,Positive,Trucking;Intermodal;Logistics;Freight;Technology;Supply Chain;Dedicated;Transportation,https://www.linkedin.com/company/jb-hunt-transport-services,"Leading transportation and logistics company providing trucking, intermodal, and logistics services with focus on technology and supply chain solutions",Medium
C280,"Hub Group, Inc.",https://hubgroup.com,Logistics / Intermodal,"Intermodal, truckload, and logistics services",United States,Des Plaines,Illinois,501-1000,2500M,1983,Public,Shippers; manufacturers; retailers; distributors; businesses,Intermodal + Truckload + Logistics,Freight revenue + intermodal + logistics services,North America,"Intermodal transportation, truckload, logistics, dedicated services, supply chain solutions, brokerage",Growing,Positive,Intermodal;Truckload;Logistics;Freight;Supply Chain;Transportation;Dedicated;Brokerage,https://www.linkedin.com/company/hub-group,"Leading intermodal and logistics company providing intermodal transportation, truckload, dedicated services, and supply chain solutions across North America",Low
C281,Saia LTL Freight,https://saia LTL.com,Logistics / Trucking,Less-than-truckload (LTL) freight transportation services,United States,Johns Creek,Georgia,501-1000,5000M,1927,Public,Shippers; manufacturers; retailers; businesses; freight forwarders,LTL Freight + Trucking + Logistics,Freight revenue + LTL transportation,North America,"Less-than-truckload freight, regional LTL, integrated logistics services, freight consolidation, distribution",Stable,Neutral,LTL Freight;Trucking;Freight;Regional;LTL;Logistics;Consolidation;Distribution;Transportation,https://www.linkedin.com/company/saia-ltl-freight,"Leading less-than-truckload freight company providing regional LTL transportation, freight consolidation, and integrated logistics services across North America",Low
C282,Old Dominion Freight Line,https://odfl.com,Logistics / Trucking,Less-than-truckload (LTL) freight transportation services,United States,Thomasville,North Carolina,501-1000,5500M,1934,Public,Shippers; manufacturers; retailers; businesses; freight forwarders,LTL Freight + Trucking + Logistics,Freight revenue + LTL transportation,North America,"Less-than-truckload freight, LTL transportation, regional and national LTL, integrated logistics, distribution",Stable,Positive,LTL Freight;Trucking;Freight;LTL;Regional;National;Logistics;Distribution;Transportation,https://www.linkedin.com/company/old-dominion-freight-line,"Leading less-than-truckload freight company providing LTL transportation, regional and national LTL services, and integrated logistics solutions",Medium
C283,Norbert Group Inc.,https://norbert.com,Logistics / Trucking,Less-than-truckload (LTL) freight transportation services,United States,Atlanta,Georgia,501-1000,200M,2000,Private,Shippers; manufacturers; retailers; businesses,LTL Freight + Trucking + Logistics,Freight revenue + LTL transportation,North America,"Less-than-truckload freight, regional LTL, integrated logistics services, freight consolidation, distribution",Growing,Positive,LTL Freight;Trucking;Freight;Regional;LTL;Logistics;Consolidation;Distribution;Transportation,https://www.linkedin.com/company/norbertgroup,"Regional LTL freight company providing freight consolidation, logistics services, and LTL transportation across the Southeastern United States",Low
C284,CRST International,https://crst.com,Logistics / Trucking,Less-than-truckload (LTL) freight transportation services,United States,Jackson,Mississippi,501-1000,500M,1980,Private,Shippers; manufacturers; retailers; businesses,LTL Freight + Trucking + Logistics,Freight revenue + LTL transportation,North America,"Less-than-truckload freight, regional LTL, integrated logistics services, freight consolidation",Stable,Neutral,LTL Freight;Trucking;Freight;Regional;LTL;Logistics;Consolidation,https://www.linkedin.com/company/crst-international,Regional LTL freight company providing freight consolidation and LTL transportation services across the Southeastern United States,Low
C285,PTC Inc.,https://ptc.com,Developer Tools,"CAD, PLM, IoT, augmented reality software for manufacturers",United States,Boston,Massachusetts,501-1000,2000M,1985,Public,Manufacturing; engineering; product development teams,B2B SaaS,Subscription,Global,"CAD, product lifecycle management, IoT, AR/VR, digital twin, ThingWorx, Creo, Windchill",Growing,Positive,CAD;PLM;IoT;AR/VR;Digital Twin;ThingWorx;Creo;Windchill;Manufacturing,https://www.linkedin.com/company/ptc,"Enterprise software company enabling digital transformation through CAD, PLM, IoT, and augmented reality solutions for manufacturers worldwide",High
C286,"Cisco Systems, Inc.",https://cisco.com,Networking / Telecom,"Networking hardware, software, and telecommunications equipment",United States,San Jose,California,10001-50000,47000M,1984,Public,Enterprises; service providers; governments; SMBs,Networking + Communications + Security,Product sales + software subscriptions + services,Global,"Routers, switches, wireless LAN, security appliances, collaboration (Webex), IoT, data center networking, optical networking",Stable,Positive,Networking;Routers;Switches;Wireless;Security;Collaboration;SD-WAN;SASE;Data Center;Optical,https://www.linkedin.com/company/cisco-systems,"Leading networking technology company providing routing, switching, wireless, security, and collaboration solutions for enterprises and service providers worldwide",Medium
C287,Juniper Networks,https://juniper.net,Networking / Telecom,Networking hardware and software for enterprise and service provider networks,United States,Sunnyvale,California,501-1000,4500M,2000,Public,Service providers; enterprises; cloud providers,Networking + Data Center + Security,Product sales + software subscriptions,Global,"Routing, switching, data center, security, SD-WAN, SASE, Mist AI-driven networking, automation",Growing,Positive,Networking;Routing;Switching;SD-WAN;SASE;AI;Data Center;Mist AI;Automation,https://www.linkedin.com/company/juniper-networks,"Networking company providing AI-driven networking, routing, switching, and security solutions for enterprises and service providers with Mist AI automation",High
C288,Arista Networks,https://arista.com,Networking / Telecom,Cloud-native networking: high-performance data center switches and network software,United States,Santa Clara,California,501-1000,5000M,2004,Public,Cloud providers; enterprises; financial services; data centers,Networking + Data Center,Product sales + software subscriptions,Global,"Cloud-native data center switches, network software, network analytics, cloud routing, EOS, network automation",Growing,Positive,Data Center Networking;Cloud Routing;Network Software;Cloud-Native;EOS;Network Automation;Analytics,https://www.linkedin.com/company/arista-networks,"Cloud-native networking company providing high-performance data center switches, network software, and analytics for cloud and enterprise data centers",High
C289,Palo Alto Networks,https://paloaltonetworks.com,Networking / Security,"Cybersecurity: network security, cloud security, and security operations",United States,Santa Clara,California,501-1000,6000M,2005,Public,Enterprises; governments; service providers,Security + Networking + Cloud,Product sales + subscriptions,Global,"Next-generation firewalls, cloud security, security operations (Cortex), Prisma SASE, threat intelligence, secure access",Growing,Positive,Firewall;Cloud Security;SASE;Threat Intelligence;Security Operations;Cortex;Prisma;Strata,https://www.linkedin.com/company/palo-alto-networks,"Leading cybersecurity company providing network security, cloud security, and security operations automation with AI-driven threat detection and SASE solutions",High
C290,"Fortinet, Inc.",https://fortinet.com,Networking / Security,"Cybersecurity: network security, endpoint security, and secure networking",United States,Sunnyvale,California,501-1000,4000M,2001,Public,Enterprises; service providers; SMBs; governments,Security + Networking,Product sales + subscriptions,Global,"Next-generation firewalls, secure SD-WAN, SASE, endpoint security, network access control, secure wireless, FortiGate",Growing,Positive,Firewall;SD-WAN;SASE;Endpoint Security;NAC;Secure Networking;Network Security;FortiGate,https://www.linkedin.com/company/fortinet,"Cybersecurity company providing network security, secure SD-WAN, SASE, endpoint security, and secure networking solutions with unified threat protection",High
C291,"Stripe, Inc.",https://stripe.com,Payments / Fintech,Online payment processing and financial services infrastructure,United States,San Francisco,California,101-250,10000M,2010,Private,Online businesses; platforms; marketplaces; enterprises,Payments + Fintech,Transaction fees + subscription,Global,"Online payment processing, embedded payments, corporate cards, banking-as-a-service, fraud prevention, billing, revenue management",Growing,Positive,Payments;APIs;Embedded Finance;Subscription Billing;Fraud Prevention;Banking-as-a-Service;Revenue Management,https://www.linkedin.com/company/stripe,"Leading online payment processing platform providing APIs for payments, billing, corporate cards, and embedded financial services for internet businesses globally",High
C292,Adyen N.V.,https://adyen.com,Payments / Fintech,"Unified commerce payments platform: online, in-app, and in-store",Netherlands,Amsterdam,Amsterdam,101-250,2000M,2006,Public,Enterprise; platforms; marketplaces; retailers; hospitality,Payments + Fintech,Transaction fees + software fees,Global,"Unified commerce payments (online, in-app, in-store), gateway, acquiring, risk management, data insights, platform payments, tokenization",Growing,Positive,Unified Commerce;Gateway;Acquiring;Risk Management;Data Insights;Platform Payments;Tokenization;In-Store;Online;In-App,https://www.linkedin.com/company/adyen,"Unified commerce payments platform enabling enterprise, platform, and marketplace payments across online, in-app, and in-store channels with data insights",High
C293,"PayPal Holdings, Inc.",https://paypal.com,Payments / Fintech,"Digital payments platform: online and mobile payments, debit, credit, and financial services",United States,San Jose,California,501-1000,29000M,1998,Public,Consumers; merchants; online businesses; platforms,Payments + Fintech + Digital Wallet,Transaction fees + interest income + subscription,Global,"Digital wallet, online payments, Venmo, PayPal Credit, merchant services, peer-to-peer payments, buy now pay later, savings",Stable,Positive,Digital Wallet;Online Payments;Venmo;Merchant Services;P2P;Consumer Credit;Buy Now Pay Later;Savings,https://www.linkedin.com/company/paypal,"Global digital payments platform providing online and mobile payments, peer-to-peer transfers, digital wallet, merchant services, and consumer financial products",Medium
C294,"Block, Inc.",https://squareup.com,Payments / Fintech,"Financial services and digital payments: Square, Cash App, and seller ecosystem",United States,San Francisco,California,101-250,21000M,2009,Public,Consumers; sellers; merchants; SMBs; gig workers,Payments + Fintech + Digital Wallet,Transaction fees + subscription + lending,North America + Global,"Square POS, Cash App, seller ecosystem, banking, lending, payroll, investment, bitcoin, Cash App Card, Afterpay",Growing,Positive,POS;Digital Wallet;Cash App;Square;Seller Ecosystem;Banking;Lending;Payroll;Bitcoin;Cash App Card;Afterpay,https://www.linkedin.com/company/block-inc,"Financial services and digital payments company providing Square point-of-sale and seller tools, Cash App consumer finance, banking, lending, and bitcoin services",Medium
C295,Nuvei Corporation,https://nuvei.com,Payments / Fintech,"Payment processing and technology: acquiring, gateway, and payout solutions",Canada,Montreal,Quebec,501-1000,300M,2004,Public,Online merchants; platforms; marketplaces; enterprise; iGaming,Payments + Fintech,Transaction fees + integration fees + FX fees,Global,"Payment gateway, acquiring, payout solutions, risk management, alternative payment methods, local payments, iGaming payments, crypto onboarding",Growing,Positive,Payment Gateway;Acquiring;Payouts;Risk Management;Alternative Payments;Local Payments;iGaming;Crypto,https://www.linkedin.com/company/nuvei-payment-technology,"Payment technology company providing payment gateway, acquiring, payout, and risk management solutions with support for alternative and local payment methods globally",Medium
C296,"Paylocity, Inc.",https://paylocity.com,HR Technology,"Human resources, payroll, and workforce management software",United States,Cincinnati,Ohio,501-1000,450M,2008,Public,Mid-market employers; HR departments; payroll departments,HR Tech + HCM + Payroll,Subscription + SaaS,North America,"Payroll, HR, workforce management, time and attendance, benefits administration, talent management, employee self-service",Growing,Positive,Payroll;HR;HCM;Workforce Management;Time and Attendance;Benefits;Talent Management;SaaS;Employee Self-Service,https://www.linkedin.com/company/paylocity,"Leading provider of cloud-based HR, payroll, and workforce management software for mid-market employers with intuitive employee experience and analytics",High
C297,"Paycom, Inc.",https://paycom.com,HR Technology,"Human resources, payroll, talent, and workforce management software",United States,Oklahoma City,Oklahoma,501-1000,2000M,1998,Public,Employers; HR departments; payroll; managers; employees,HR Tech + HCM + Payroll + Talent,Subscription + software license,North America,"HR, payroll, talent management, time and attendance, scheduling, recruiting, onboarding, performance management, compensation",Stable,Positive,Payroll;HR;Talent Management;Time and Attendance;Scheduling;Recruiting;Onboarding;Performance Management;Compensation,https://www.linkedin.com/company/paycom,"Cloud-based HR, payroll, and talent management provider offering a single system for HR, payroll, recruiting, talent, and workforce management",Medium
C298,"Lattice, Inc.",https://lattice.com,HR Technology,"HR platform: performance management, engagement, compensation, and recruiting",United States,San Francisco,California,51-100,150M,2011,Private,Mid-market companies; HR departments; people teams; managers,HR Tech + HR Platform,Subscription + SaaS,North America + Global,"Performance management, employee engagement, compensation planning, recruiting, onboarding, performance reviews, 1:1s, OKRs",Growing,Positive,Performance Management;Employee Engagement;Compensation Planning;Recruiting;Onboarding;Performance Reviews;1:1s;OKRs;People Management,https://www.linkedin.com/company/lattice,"People management platform providing performance management, employee engagement, compensation planning, and recruiting tools for mid-market companies and people teams",Medium
C299,Culture Amp,https://cultureamp.com,HR Technology,"Employee engagement, performance, and people analytics platform",Australia,Melbourne,Victoria,101-250,150M,2006,Private,Mid-market and enterprise companies; HR; people teams; managers,HR Tech + People Analytics,Subscription + SaaS,Global + North America,"Employee engagement surveys, performance management, people analytics, development, onboarding, DEI, retention analytics",Growing,Positive,Employee Engagement;Performance Management;People Analytics;DEI;Retention;Surveys;Development;Onboarding;Employee Experience,https://www.linkedin.com/company/culture-amp,"Leading employee engagement and people analytics platform providing surveys, performance management, development tools, and analytics to improve workplace culture and retention",High
C300,"ChartHop, Inc.",https://charthop.com,HR Technology,"Workforce planning, org design, compensation, and people analytics",United States,New York,New York,51-100,75M,2019,Private,HR leaders; finance; executives; people teams,HR Tech + Workforce Planning + Analytics,Subscription + SaaS,North America + Global,"Org design, workforce planning, compensation planning, headcount management, people analytics, scenario modeling, DEI analytics",Growing,Positive,Org Design;Workforce Planning;Compensation Planning;Headcount Management;People Analytics;Scenario Modeling;DEI;Analytics,https://www.linkedin.com/company/charthop,"Workforce planning and people analytics platform providing org design, compensation planning, headcount modeling, and scenario analysis for HR and finance leaders",Medium
C301,WPP plc,https://wpp.com,Advertising / Marketing,"Global advertising, marketing, and PR: holding company for agencies",United Kingdom,London,London,10001-50000,19000M,1985,Public,Brands; enterprises; governments; organizations,Advertising + Marketing + PR,Agency fees + media spend + services,Global,"Advertising, marketing, PR, brand communications, digital marketing, data and technology, media investment management",Stable,Neutral,Advertising;Marketing;PR;Brand Communications;Digital Marketing;Data;Technology;Media Investment;Creative,https://www.linkedin.com/company/wpp-plc,"Global advertising and marketing holding company with leading agencies in advertising, marketing, PR, brand communications, digital, and media investment",Low
C302,Omnicom Group,https://omnicomgroup.com,Advertising / Marketing,"Global advertising, marketing, and corporate communications: holding company",United States,New York,New York,10001-50000,16000M,1997,Public,Brands; enterprises; governments; organizations,Advertising + Marketing + PR,Agency fees + media spend + services,Global,"Advertising, marketing, corporate communications, digital, PR, media planning, creative, BBDO, DDB, TBWA, OMD, GroupM",Stable,Neutral,Advertising;Marketing;Corporate Communications;Digital;PR;Media Planning;Creative;BBDO;DDB;TBWA;OMD;GroupM,https://www.linkedin.com/company/omnicom-group,"Global advertising and corporate communications holding company with leading agencies including BBDO, DDB, TBWA, OMD, and GroupM media investment management",Low
C303,Publicis Groupe,https://publicisgroupe.com,Advertising / Marketing,"Global advertising, media, and digital transformation: holding company",France,Paris,Paris,10001-50000,14000M,1998,Public,Brands; enterprises; governments; organizations,Advertising + Marketing + Media + Digital,Agency fees + media spend + services,Global,"Advertising, media, digital transformation, data, technology, PR, creative, Publicis Sapient, media planning, organic and paid media",Stable,Neutral,Advertising;Media;Digital Transformation;Data;Technology;PR;Creative;Publicis Sapient;Media Planning,https://www.linkedin.com/company/publicis-groupe,"Global advertising and media holding company with agencies in advertising, media, digital transformation, data, and technology including Publicis Sapient",Low
C304,Dentsu Inc.,https://dentsu.com,Advertising / Marketing,"Global advertising, media, and digital: integrated communications and marketing",Japan,Tokyo,Tokyo,10001-50000,35000M,1988,Public,Brands; enterprises; governments; organizations,Advertising + Marketing + Media + Digital,Agency fees + media spend + services,Global + Japan,"Advertising, media, digital marketing, PR, market research, sports marketing, experiential, integrated communications",Stable,Positive,Advertising;Media;Digital Marketing;PR;Market Research;Sports Marketing;Experiential;Integrated Communications;Japan,https://www.linkedin.com/company/dentsu-inc,"Global advertising and media company providing integrated communications, digital marketing, PR, market research, and sports marketing services across Japan and worldwide",Medium
C305,Viant Technology,https://viant.com,Advertising / Marketing,"Advertising technology: advertising serving, DSP, and programmatic advertising",United States,New York,New York,501-1000,1500M,2002,Private,Advertisers; agencies; publishers; enterprises,Advertising Technology + DSP + Programmatic,Product sales + advertising revenue share,Global,"Advertising serving, demand-side platform (DSP), programmatic advertising, ad optimization, video advertising, display advertising",Declining,Negative,Programmatic Advertising;DSP;Ad Serving;Ad Optimization;Video Advertising;Display Advertising;Ad Tech,https://www.linkedin.com/company/viant-technology,"Advertising technology company providing advertising serving, demand-side platform, and programmatic advertising solutions for advertisers, agencies, and publishers",Low
C306,News Corp,https://newscorp.com,Media / Publishing,"Global news, media, and information services: news, book publishing, and digital real estate",Australia,Moscow,Idaho,10001-50000,11000M,1979,Public,Readers; news consumers; advertisers; real estate consumers,Media + Publishing + Digital Real Estate,Advertising + subscriptions + circulation + real estate sales,Global,"News (The Wall Street Journal, The Times, The Sun, NDTV, The Australian), book publishing (HarperCollins), digital real estate (Realtor.com, Move, Inc.), digital subscriptions",Stable,Positive,News Publishing;Book Publishing;Digital Real Estate;Newspapers;Magazines;Subscriptions;Real Estate;Digital,https://www.linkedin.com/company/news-corp,"Global news, media, and information company with leading news brands (Wall Street Journal, The Times, The Sun), book publisher HarperCollins, and digital real estate services",Low
C307,Hearst Communications,https://hearst.com,Media / Publishing,"Media and publishing: magazines, newspapers, television, and digital media",United States,New York,New York,501-1000,12000M,1909,Private,Readers; consumers; advertisers; television audiences,Media + Publishing + Television + Digital,Advertising + subscriptions + syndication + digital,United States,"Magazines (Cosmopolitan, Esquire, Harper's Bazaar, Elle, Men's Health, Seventeen, Good Housekeeping), newspapers (Houston Chronicle, San Francisco Chronicle), television, digital media, event marketing",Stable,Positive,Magazines;Newspapers;Television;Digital Media;Event Marketing;Publishing;Editorial;Advertising;Subscriptions,https://www.linkedin.com/company/hearst-communications,"Media and publishing company with leading magazines (Cosmopolitan, Esquire, Harper's Bazaar, Elle, Men's Health), newspapers, television stations, and digital media",Low
C308,RELX plc,https://relx.com,Media / Publishing,"Information and analytics: scientific, technical, and medical publishing and data",Netherlands,London,London,10001-50000,17000M,1993,Public,Researchers; scientists; healthcare professionals; legal professionals; businesses,Publishing + Information + Analytics,Product sales + subscriptions + data licensing,Global,"Scientific, technical, and medical publishing (Elsevier, Cell Press), legal research (Reed Elsevier), risk analytics (LexisNexis, Dun & Bradstreet), data and analytics",Stable,Positive,Scientific Publishing;Technical Publishing;Medical Publishing;Legal Research;Risk Analytics;Data;Elsevier;Cell Press;LexisNexis;Reed Elsevier,https://www.linkedin.com/company/relx-plc,"Global information and analytics company providing scientific, technical, and medical publishing (Elsevier), legal research, and risk analytics (LexisNexis, Dun & Bradstreet)",Medium
C309,Pearson plc,https://pearson.com,Media / Publishing,"Education and educational publishing: textbooks, digital learning, and assessment",United Kingdom,London,London,501-1000,6000M,2003,Public,Students; educators; schools; universities; professionals,Education + Publishing + Digital Learning,Product sales + subscriptions + assessment,Global,"Educational publishing (textbooks, digital learning, curriculum), assessment (testing, certification), online learning, qualification and certification",Stable,Neutral,Textbooks;Digital Learning;Curriculum;Assessment;Testing;Certification;Online Learning;Educational Publishing;Qualification,https://www.linkedin.com/company/pearson-plc,"Global education company providing educational publishing, digital learning, curriculum, assessment, and testing and certification services to students and educators",Low
C310,Scholastic Corporation,https://scholastic.com,Media / Publishing,"Children's books, educational materials, and media: publishing, distribution, and retail",United States,New York,New York,501-1000,3000M,1920,Public,Children; parents; educators; schools; libraries,Publishing + Education + Retail,Product sales + subscriptions + book fairs,North America + Global,"Children's books, educational materials, classroom magazines, book fairs, Scholastic Book Clubs, educational publishing, media",Stable,Neutral,Children's Books;Educational Materials;Classroom Magazines;Book Fairs;Book Clubs;Educational Publishing;Media;Distribution;Retail,https://www.linkedin.com/company/scholastic-corporation,"Leading children's book publisher, educational materials provider, and media company with book fairs, book clubs, classroom magazines, and educational publishing",Medium
C311,SpaceX,https://spacex.com,Aviation / Spacecraft / Satellite,"Space transportation, spacecraft, satellites, and launch services, United States",Hawthorne,California,10001-50000,10000M,2002,Private,Governments; commercial customers; satellite operators; NASA,Space Transportation + Satellite + Launch Services,Launch services + satellite services + government contracts,Global,"Reusable rockets (Falcon 9, Falcon Heavy, Starship), satellite manufacturing (Starlink, spacecraft), launch services, space transportation, Mars colonization",Hypergrowth,,Positive,Reusable Rockets;Falcon 9;Falcon Heavy;Starship;Satellites;Starlink;Launch Services;Space Transportation;Mars,https://www.linkedin.com/company/spacex,"Leader in space transportation and satellite technology with reusable rockets (Falcon 9, Falcon Heavy, Starship), Starlink satellite internet, and ambitious space exploration goals",High
C312,Rocket Lab USA,https://rocketlabusa.com,Aviation / Spacecraft / Satellite,"Small satellite launch, spacecraft, and space systems: launch services and space infrastructure",United States,Long Beach,California,501-1000,2500M,2006,Public,Satellite operators; governments; commercial customers; NASA,Space Transportation + Satellite + Launch Services + Space Systems,Launch services + spacecraft + space systems + government contracts,Global + United States,"Electron small satellite launch vehicle, Neutron medium-lift rocket, Photon spacecraft, space systems, satellite components, space software, mission control",Growing,Positive,Small Satellites;Launch Vehicles;Electron;Neutron;Photon;Spacecraft;Space Systems;Satellite Components;Space Software,https://www.linkedin.com/company/rocket-lab-usa,"Space company providing small satellite launch services (Electron), medium-lift rocket (Neutron), spacecraft (Photon), and space systems and components for satellite operators and governments",Medium
C313,Planet Labs,https://planet.com,Aviation / Spacecraft / Satellite,Earth imaging and geospatial data: daily satellite imagery and analytics,United States,San Francisco,California,101-250,400M,2010,Public,Governments; commercial customers; agriculture; environmental; disaster response,Satellite Imagery + Geospatial Data + Analytics,Subscription + data licensing + analytics,Global,"Daily Earth imaging satellites (Doves, SuperDoves), high-resolution SkySat, geospatial data, analytics, monitoring, change detection",Growing,Positive,Earth Imaging;Satellite Imagery;Geospatial Data;Analytics;Monitoring;Change Detection;Doves;SuperDoves;SkySat;Daily Imagery,https://www.linkedin.com/company/planet-labs,"Earth imaging company operating the largest constellation of Earth-imaging satellites providing daily satellite imagery and geospatial data and analytics for governments, agriculture, and commercial applications",Medium
C314,Maxar Technologies,https://maxar.com,Aviation / Spacecraft / Satellite,"Space infrastructure and satellite technology: satellites, Earth imagery, and space systems",United States,Westminster,Colorado,501-1000,3000M,1994,Public,Governments; commercial; intelligence; defense; mapping,Satellite + Earth Imagery + Space Systems,Product sales + services + government contracts,Global,"High-resolution Earth imagery (WorldView satellites), satellite manufacturing, space infrastructure, 3D data, mapping, spatial analytics, defense and intelligence",Stable,Positive,Earth Imagery;Satellite Manufacturing;Space Infrastructure;3D Data;Mapping;Spatial Analytics;Defense;Intelligence;WorldView,https://www.linkedin.com/company/maxar,"Space infrastructure company providing high-resolution Earth imagery (WorldView satellites), satellite manufacturing, 3D data, mapping, and spatial analytics for government, commercial, and defense customers",Medium
C315,Airbus SE,https://airbus.com,Aviation / Spacecraft / Satellite,"Aerospace: commercial aircraft, helicopters, defense, and space",Netherlands,Leiden,South Holland,10001-50000,63000M,1970,Public,Airlines; governments; defense; space operators,Aerospace + Aircraft + Helicopters + Defense + Space,Aircraft sales + helicopter sales + services + defense + space,Global,"Commercial aircraft (A320, A330, A350, A380), helicopters, defense and security (tankers, fighters, C2 systems), space (satellites, launch systems, Earth observation), services and support",Stable,Positive,Commercial Aircraft;Helicopters;Defense;A320;A330;A350;A380;Space;Satellites;Services;Support,https://www.linkedin.com/company/airbus,"Global aerospace company manufacturing commercial aircraft (A320neo family, A350, A380), helicopters, defense products, and space systems and satellites",Medium
C316,Boston Dynamics,https://bostondynamics.com,Robotics / Automation,"Robotics: advanced mobile robots, manipulation, and autonomous systems",United States,Waltham,Massachusetts,501-1000,1000M,1992,Private,Governments; commercial; industries; research,Robotics + Automation + Autonomous Systems,Product sales + services + contracts,Global + United States,"Legged robots (Spot, Atlas, Handle, Lyro), robotic manipulation, autonomous mobile robots, perception, navigation, software",Growing,Positive,Robotics;Mobility;Manipulation;Autonomous Systems;Spot;Atlas;Handle;Legged Robots;Perception;Navigation,https://www.linkedin.com/company/boston-dynamics,"Robotics company developing advanced mobile robots, manipulation systems, and autonomous solutions including Spot, Atlas, and Handle with advanced perception and navigation",Medium
C317,InDro Robotics,https://indrorobotics.com,Robotics / Automation,"Robotics: delivery robots, indoor autonomous robots, and mobile service robots",United States,San Carlos,California,51-100,100M,2015,Private,Commercial; retailers; airports; hospitals; campuses; governments,Robotics + Delivery + Mobile Service Robots,Product sales + services + leases,North America + Global,"Delivery robots (Robin, Risidual), indoor autonomous robots, mobile service robots, sidewalk delivery, campus delivery, last-mile delivery robots",Growing,Positive,Delivery Robots;Mobile Service Robots;Autonomous;Robin;Risidual;Sidewalk Delivery;Campus Delivery;Last-Mile;Indoor Robots,https://www.linkedin.com/company/indro-robotics,"Robotics company building delivery robots, indoor autonomous robots, and mobile service robots for last-mile delivery, campus delivery, and commercial indoor applications",Low
C318,Geek+,https://geekplusrobotics.com,Robotics / Automation,"Robotics: autonomous mobile robots, warehouse robotics, and robotic automation",China,Beijing,Beijing,1001-5000,300M,2014,Private,Warehouses; logistics; e-commerce; manufacturing; distribution,Robotics + Warehouse Automation + Logistics,Product sales + services + software,China + Global,"Autonomous mobile robots, warehouse robots, picking robots, sorting robots, warehouse automation, software, logistics robotics",Growing,Positive,Autonomous Mobile Robots;Warehouse Robots;Picking Robots;Sorting Robots;Warehouse Automation;Software;Logistics Robotics,https://www.linkedin.com/company/geek-plus-robotics,"Robotics company providing autonomous mobile robots, warehouse robotics, and robotic automation solutions for warehouses, logistics, and e-commerce operations",Medium
C319,"Symbotic, Inc.",https://symbotic.com,Robotics / Automation,Robotics: autonomous warehouse automation and AI-powered supply chain software,United States,Burbank,California,501-1000,1500M,2006,Public,Retailers; grocers; warehouse operators; distribution centers,Robotics + Warehouse Automation + Supply Chain,Product sales + software subscriptions + services,North America + Global,"Autonomous warehouse robots, AI-powered supply chain software, warehouse automation, inventory management, palletizing, fortra software",Growing,Positive,Autonomous Robots;Warehouse Automation;AI-Powered Supply Chain;AIMS;Palletizing;Inventory Management;Forta,https://www.linkedin.com/company/symbotic,"Autonomous warehouse automation company providing AI-powered robotics and supply chain software for retailers, grocers, and distribution centers with autonomous mobile robots",High
C320,Adept AI,https://adept.ai,Robotics / Automation,AI-powered robotics: autonomous mobile robots and AI-guided manipulation,United States,Emeryville,California,51-100,50M,2019,Private,Warehouses; manufacturers; industries; research,Robotics + AI + Autonomous Systems,Product sales + services + research,North America + Global,"AI-guided mobile robots, autonomous manipulation, AI for robotics, reinforcement learning, industrial robotics, robotic automation",Growing,Positive,AI-Powered Robotics;Autonomous Mobile Robots;Manipulation;Reinforcement Learning;Industrial Robotics;Robotic Automation;AI for Robotics,https://www.linkedin.com/company/adept-ai,AI-powered robotics company developing autonomous mobile robots and AI-guided manipulation using reinforcement learning and AI for industrial robotic automation,Low
C321,LVMH Moett Hennessy Louis Vuitton,https://lvmh.com,Luxury Goods / Textiles,"Luxury goods: fashion, leather goods, wines, and spirits",France,Paris,Paris,501-1000,85000M,1987,Public,Consumers; luxury shoppers; fashion; hotels; MICE,Luxury Goods + Fashion + Leather + Wines + Spirits,Product sales + brand licensing,Global,"Fashion and leather goods (Louis Vuitton, Dior, Bottega Veneta, Fendi), watches and jewelry (Tiffany, Bulgari), wines and spirits (Moet & Chandon, Hennessy), selective retail",Growing,Positive,Fashion;Leather Goods;Wines;Spirits;Selective Retail;Louis Vuitton;Dior;Bulgari;Moet;Hennessy;Timepieces,https://www.linkedin.com/company/lvmh-moet-hennessy-louis-vuitton,"Global luxury goods leader with iconic brands in fashion and leather goods, watches and jewelry, and wines and spirits including Louis Vuitton, Dior, Tiffany, and Moet & Chandon",Medium
C322,"Tapestry, Inc.",https://tapestry.com,Luxury Goods / Textiles,"Fashion and lifestyle accessories: Coach, Kate Spade, and Stuart Weitzman",United States,New York,New York,501-1000,5800M,1963,Public,Consumers; fashion shoppers; accessories buyers,Fashion + Accessories + Leather Goods,Product sales + retail,North America + Global,"Handbags (Coach), fashion accessories (Kate Spade, Stuart Weitzman), leather goods, small leather goods, travel items, footwear, fine jewelry",Stable,Neutral,Handbags;Fashion Accessories;Leather Goods;Coach;Kate Spade;Stuart Weitzman;Travel;Footwear;Fine Jewelry,https://www.linkedin.com/company/tapestry-inc,"Fashion and lifestyle accessories company with iconic brands Coach, Kate Spade, and Stuart Weitzman offering handbags, leather goods, accessories, and footwear",Medium
C323,Ralph Lauren Corporation,https://ralphlauren.com,Luxury Goods / Textiles,"Apparel and lifestyle: clothing, accessories, and home products",United States,New York,New York,501-1000,7000M,1967,Public,Consumers; fashion shoppers; retailers; wholesale,Apparel + Accessories + Home,Product sales + retail + wholesale,United States + Global,"Apparel (menswear, womenswear, kids), accessories, home products, fragrances, shoes, fine jewelry, Ralph Lauren, Polo, Chaps, Double RL",Stable,Neutral,Apparel;Clothing;Accessories;Home;Fragrances;Shoes;Ralph Lauren;Polo;Chaps;Double RL;Fine Jewelry,https://www.linkedin.com/company/ralph-lauren-corporation,"Global lifestyle brand and luxury apparel company offering clothing, accessories, home products, and fragrances under the Ralph Lauren, Polo, and Chaps names",Medium
C324,Fast Retailing Co.,https://uniqlo.com,Retail / Textiles,"Fashion retail: casual wear, apparel, and accessories under Uniqlo, J.Crew, and Comptoir des Cotonniers",Japan,Yamaguchi,Yamaguchi,50101-200000,21000M,1963,Public,Consumers; fashion shoppers,Fashion Retail + Apparel,Product sales + retail,Japan + Global,"Uniqlo casual wear, J.Crew, Comptoir des Cotonniers, Princesse tam.tam, GU, theory, Helmut Lang, import fashion retail",Growing,Positive,Uniqlo;Casual Wear;J.Crew;Comptoir des Cotonniers;Princesse tam.tam;GU;Theory;Helmut Lang;Import Fashion;Retail,https://www.linkedin.com/company/fast-retailing-co,"Leading global apparel company and owner of Uniqlo, J.Crew, Comptoir des Cotonniers, and other brands with large-scale casual wear retail operations",Medium
C325,Levi Strauss & Co.,https://levistrauss.com,Retail / Textiles,"Apparel and accessories: denim jeans, casual wear, and branded apparel",United States,San Francisco,California,1001-5000,6000M,1853,Private,Consumers; fashion shoppers; retailers; wholesale,Apparel + Denim + Accessories,Product sales + wholesale + retail,Global,"Denim jeans (Levi's), casual wear, chinos, sweatshirts, jackets, accessories, online retail, wholesale, branded merchandise",Stable,Positive,Denim Jeans;Casual Wear;Chinos;Levi's;Apparel;Accessories;Online Retail;Wholesale;Branded Merchandise,https://www.linkedin.com/company/levi-strauss-and-co,"Iconic denim and casual apparel company known for Levi's jeans, casual wear, denim, and branded apparel sold worldwide through retail and wholesale",Low
C326,Ball Corporation,https://ball.com,Packaging / Containers,"Metal packaging: beverage cans, aerosol cans, and specialty packaging",United States,Broomfield,Colorado,10001-50000,13000M,1880,Public,Beverage companies; food companies; consumer goods manufacturers,Metal Packaging + Beverage Cans + Aerosol,Product sales + services,Global,"Beverage cans, aerosol cans, food cans, specialty metal packaging, sustainable packaging, aluminum cans",Stable,Positive,Metal Packaging;Beverage Cans;Aerosol Cans;Food Cans;Specialty Packaging;Sustainable Packaging;Aluminum,https://www.linkedin.com/company/ball-corporation,"Leading metal packaging company producing beverage cans, aerosol cans, food cans, and specialty metal packaging with a focus on sustainable aluminum packaging",Medium
C327,Mondi Group,https://mondi.com,Packaging / Containers,"Packaging and paper: industrial packaging, consumer packaging, and kraft paper",United Kingdom,Windsor,Berkshire,10001-50000,15000M,1939,Public,Industrial; consumer; retail; e-commerce; food; beverage,Packaging + Paper + Industrial Packaging + Consumer Packaging,Product sales + services,Global,"Industrial packaging (flexible, corrugated), consumer packaging (paper, plastic), kraft paper, packaging solutions, circular economy",Stable,Positive,Industrial Packaging;Flexible Packaging;Corrugated;Consumer Packaging;Paper;Kraft Paper;Packing Solutions;Circular Economy,https://www.linkedin.com/company/mondi-group,"Global packaging and paper company providing industrial packaging, consumer packaging, and kraft paper products with a focus on sustainable and circular packaging solutions",Medium
C328,Berry Global Group,https://berryglobal.com,Packaging / Containers,"Plastic packaging: consumer packaging, industrial packaging, and medical packaging",United States,Evansville,Indiana,10001-50000,14000M,1935,Public,Consumer; industrial; medical; e-commerce; food; beverage,Plastic Packaging + Consumer Packaging + Industrial Packaging,Product sales + services,Global,"Consumer plastic packaging, industrial packaging, medical packaging, ext Corbion, packaging conversion, custom packaging, packaging solutions",Stable,Neutral,Plastic Packaging;Consumer Packaging;Industrial Packaging;Medical Packaging;Custom Packaging;Packaging Solutions;Ext Corbion;Packaging Conversion,https://www.linkedin.com/company/berry-global,"Global plastic packaging company providing consumer, industrial, and medical packaging solutions with custom packaging products and packaging conversion services",Low
C329,Smurfit-Stone Container,https://smurfitkappa.com,Packaging / Containers,"Corrugated packaging, containerboard, and paper packaging",Ireland,Dublin,Dublin,10001-50000,19000M,1990,Public,Industrial; e-commerce; retail; consumer; food; beverage,Corrugated Packaging + Containerboard + Paper Packaging,Product sales + services,Global,"Corrugated packaging, containerboard, paper packaging, custom packaging, e-commerce packaging, sustainable packaging, recycled content",Growing,Positive,Corrugated Packaging;Containerboard;Paper Packaging;Custom Packaging;E-Commerce Packaging;Sustainable Packaging;Recycled Content,https://www.linkedin.com/company/smurfit-stone-container,"Global corrugated packaging and containerboard company providing custom packaging, sustainable packaging, and e-commerce packaging solutions with recycled content",Medium
C330,Ampac Flexibles,https://ampac.com,Packaging / Containers,"Flexible packaging: film, laminates, and flexible packaging products",United States,Fairfield,California,101-250,600M,1974,Private,Food; beverage; consumer; industrial; medical,Flexible Packaging + Film + Laminates,Product sales + services,North America + Global,"Flexible packaging films, laminates, flexible packaging products, food packaging, medical packaging, industrial packaging, custom flexible packaging",Stable,Neutral,Flexible Packaging;Film Laminates;Flexible Packaging Products;Food Packaging;Medical Packaging;Industrial Packaging;Custom Flexible Packaging,https://www.linkedin.com/company/ampac-flexibles,"Flexible packaging company producing film, laminates, and flexible packaging products for food, medical, industrial, and consumer applications with custom packaging solutions",Low
C331,Sinclair Broadcast Group,https://sinclair.com,Broadcasting / Television,"Television broadcasting: local TV stations, news, and digital content",United States,Hunt Valley,Maryland,1001-5000,4000M,1971,Public,Viewers; local communities; advertisers; news consumers,Television Broadcasting + Local TV + News,Advertising + retransmission fees + digital,United States,"Local TV stations, television news, digital content, news networks (Comet, Comet Bounce, Charge!, Grit, Bounce TV), sports networks (Stadium, Commonwealth",Stable,Neutral,Television Broadcasting;Local TV;Television News;Digital Content;Comet;Grit;Charge!;Stadium;Commonwealth;Bounce TV,https://www.linkedin.com/company/sinclair-broadcast-group,"Television broadcasting company owning and operating local TV stations, news networks (Comet, Grit, Charge!, Bounce TV), and sports networks with digital content and community broadcasting",Low
C332,Nexstar Media Group,https://nexstar.tv,Broadcasting / Television,"Television broadcasting and media: local TV stations, national TV networks, and digital media",United States,Irving,Texas,1001-5000,5000M,1954,Public,Viewers; local communities; advertisers; news consumers,Television Broadcasting + Local TV + National TV,Advertising + retransmission fees + digital,United States,"Local TV stations, national TV networks (PIX11, Nexstar, and local news), television broadcasting, digital media, trade media, and TV programming",Stable,Neutral,Television Broadcasting;Local TV;National TV;PIX11;Local News;Digital Media;Trade Media;Television Programming,https://www.linkedin.com/company/nexstar-media-group,"Television broadcasting and media company with the largest portfolio of local TV stations, national TV networks (PIX11, Nexstar), television news, and digital media platforms",Low
C333,E.W. Scripps Company,https://scripps.com,Broadcasting / Television,"Television broadcasting and media: local TV stations, business news networks, and media education",United States,Cincinnati,Ohio,501-1000,3000M,1878,Public,Viewers; local communities; business news consumers; advertisers,Television Broadcasting + Business News + Media,Advertising + retransmission fees + digital,United States,"Local TV stations, business news networks (Bizjux), television news, local news, media education, digital content, and community broadcasting",Stable,Neutral,Television Broadcasting;Local TV;Business News;Television News;Local News;Media Education;Digital Content;Community Broadcasting,https://www.linkedin.com/company/ew-scripps-company,"Television broadcasting and media company with local TV stations, business news networks (Bizjux), television news, media education, and digital content across the U.S.",Low
C334,Cumulus Media,https://cumulus.com,Broadcasting / Radio,"Radio broadcasting and audio media: radio stations, digital streaming, and audio advertising",United States,Nashville,Tennessee,501-1000,1000M,2000,Public,Radio listeners; advertisers; local communities,Radio Broadcasting + Digital Audio + Audio Advertising,Advertising + digital + streaming,United States,"Radio stations (news, sports, talk, music), digital streaming, audio advertising, radio programming, audio content, and local radio broadcasting",Stable,Neutral,Radio Broadcasting;Digital Streaming;Audio Advertising;Radio Programming;Audio Content;Talk Radio;Music Radio;Sports Radio;News Radio,https://www.linkedin.com/company/cumulus-media,"Radio broadcasting and audio media company with a large portfolio of radio stations, digital streaming, audio advertising, and local radio broadcasting across the U.S.",Low
C335,"Audacy, Inc.",https://audacy.com,Broadcasting / Radio,"Radio broadcasting and audio media: radio stations, digital audio, and advertising",United States,Philadelphia,Pennsylvania,501-1000,1000M,2000,Public,Radio listeners; advertisers; local communities,Radio Broadcasting + Digital Audio + Audio Advertising,Advertising + digital + streaming,United States,"Radio stations (AM/FM, news, talk, music, sports), digital audio, streaming, audio advertising, radio programming, digital content, and local radio",Stable,Neutral,Radio Broadcasting;Digital Audio;Streaming;Audio Advertising;Radio Programming;Digital Content;AM Radio;FM Radio;Talk Radio;Music Radio,https://www.linkedin.com/company/audacy-inc,"Radio broadcasting and audio media company with radio stations (AM/FM), digital audio, streaming, and audio advertising across the United States with local radio programming",Low
C336,Goodyear Tire & Rubber Company,https://goodyear.com,Automotive / Tires,"Tire manufacturing, rubber products, and automotive services",United States,Akron,Ohio,1001-5000,16000M,1898,Public,Vehicle owners; tire retailers; OEMs; automotive,Tire Manufacturing + Rubber,Product sales + wholesale + retail,Global,"Passenger tires, truck tires, light truck tires, motorcycle tires, commercial truck tires, farm tires, off-highway tires, rubber products, tire retreading",Declining,Neutral,Tire Manufacturing;Rubber Products;Passenger Tires;Truck Tires;Motorcycle Tires;OEM;Tire Retreading,https://www.linkedin.com/company/goodyear-tire-and-rubber-company,"Leading tire manufacturer and rubber products company producing passenger, truck, motorcycle, commercial, and specialty tires for vehicle owners worldwide",Low
C337,"Michelin North America, Inc.",https://michelin.com,Automotive / Tires,"Tire manufacturing and rubber products: passenger, truck, and specialty tires",United States,Greenville,South Carolina,1001-5000,17000M,1902,Subsidiary,Vehicle owners; tire retailers; OEMs; automotive,Tire Manufacturing + Rubber,Product sales + wholesale,North America + Global,"Passenger tires, truck tires, light truck tires, motorcycle tires, racing tires, specialty tires, rubber products, tire retreading",Stable,Positive,Tire Manufacturing;Rubber Products;Passenger Tires;Truck Tires;Motorcycle Tires;Racing Tires;OEM;Tire Retreading,https://www.linkedin.com/company/michelin-north-america,"Subsidiary of Michelin Group producing passenger, truck, and specialized tires for vehicle owners in North America with a focus on sustainable and high-performance tire products",Medium
C338,"Bridgestone Americas, Inc.",https://bridgestoneamericas.com,Automotive / Tires,"Tire manufacturing and rubber products: passenger, truck, and motorcycle tires",United States,Nashville,Tennessee,501-1000,6000M,1990,Subsidiary,Vehicle owners; tire retailers; OEMs; automotive,Tire Manufacturing + Rubber,Product sales + wholesale + retail,North America + Global,"Passenger tires, truck tires, light truck tires, motorcycle tires, bus and coach tires, bus tires, retread tires, specialty tires",Stable,Neutral,Tire Manufacturing;Rubber Products;Passenger Tires;Truck Tires;Motorcycle Tires;Bus Tires;Retread Tires;Specialty Tires,https://www.linkedin.com/company/bridgestone-americas,"North American subsidiary of Bridgestone Group producing passenger, truck, motorcycle, and bus tires for vehicle owners and fleet operators",Low
C339,Continental Tires,https://continentaltires.com,Automotive / Tires,"Tire manufacturing and automotive technology: passenger, truck, and specialty tires",Germany,Frankfurt,Hesse,1001-5000,15000M,1871,Subsidiary,Vehicle owners; tire retailers; OEMs; automotive,Tire Manufacturing + Rubber,Product sales + wholesale + retail,Global,"Passenger tires, truck tires, light truck tires, bicycle tires, motorcycle tires, bus and coach tires, retread tires, tire pressure monitoring",Stable,Neutral,Tire Manufacturing;Rubber Products;Passenger Tires;Truck Tires;Bicycle Tires;Motorcycle Tires;Bus Tires;Retread Tires;Tire Pressure Monitoring,https://www.linkedin.com/company/continental-tires,"Tire manufacturing and automotive technology company producing passenger, truck, bus, bicycle, and motorcycle tires with advanced tire pressure monitoring and tire technology",Medium
C340,Titan Tire Americas,https://titantireamerica.com,Automotive / Tires,"Tire manufacturing and distribution: agricultural, construction, and commercial tires",United States,Des Moines,Iowa,501-1000,1500M,1989,Subsidiary,Farmers; construction; truck drivers; distributors; OEMs,Tire Manufacturing + Distribution,Product sales + distribution,North America + Global,"Agricultural tires, construction tires, commercial truck tires, OTR tires, forklift tires, specialty tires, tire retreading",Growing,Positive,Tire Manufacturing;Agricultural Tires;Construction Tires;Commercial Truck Tires;OTR Tires;Forklift Tires;Tire Retreading;Distribution,https://www.linkedin.com/company/titan-tire-americas,"Tire manufacturing and distribution company producing agricultural, construction, commercial truck, OTR, forklift, and specialty tires with tire retreading services",Medium
C341,BorgWarner Inc.,https://borgwarner.com,Automotive / Parts,Automotive parts and systems: powertrain and e-powertrain components,United States,Auburn Hills,Michigan,501-1000,13000M,1880,Public,OEM automakers; Tier 1 automotive suppliers,Automotive Parts + Systems + E-Powertrain,Product sales + services,Global,"Turbochargers, transmission components, thermal management, drivetrain components, emissions components, hybrid PT, electric drive units, e-axles",Growing,Positive,Turbochargers;Transmission Components;Thermal Management;Drivetrain;Emissions;Hybrid Powertrain;Electric Drive Units;E-Axles;Automotive Parts,https://www.linkedin.com/company/borgwarner-inc,"Automotive technology company providing turbochargers, transmission components, thermal management, drivetrain, emissions, hybrid powertrain, and electric drive units to global automakers",Medium
C342,ZF Friedrichshafen AG,https://zf.com,Automotive / Parts,"Automotive systems and components: chassis, driveline, and active/safety systems",Germany,Friedrichshafen,Baden-Württemberg,10001-50000,25000M,1915,Public,OEM automakers; Tier 1 automotive suppliers; commercial vehicle,Automotive Systems + Components,Product sales + services,Global,"Chassis and suspension components, active and passive safety systems, steering systems, transmissions, driveline systems, autonomous driving systems, ADAS",Stable,Positive,Chassis Systems;Driveline Systems;Active Safety Systems;Steering Systems;Transmissions;ADAS;Autonomous Driving;Automotive Systems,https://www.linkedin.com/company/zf-friedrichshafen-ag,"German automotive systems company producing chassis, driveline, active and passive safety systems, steering, transmissions, and autonomous driving systems for global automakers",Medium
C343,Tenneco Inc.,https://tenneco.com,Automotive / Parts,"Aftermarket vehicle parts: braking, suspension, and engine components",United States,Naperville,Illinois,501-1000,7000M,1939,Public,OEM automakers; aftermarket distributors; retailers,Automotive Parts + Aftermarket + Systems,Product sales + aftermarket,Global,"Aftermarket braking, suspension, engine components, exhaust systems, ride control products, total ride control, shock absorbers, struts",Stable,Negative,Aftermarket;Brake Products;Suspension Products;Exhaust Systems;Ride Control;Shock Absorbers;Struts;Engine Components;Automotive Aftermarket,https://www.linkedin.com/company/tenneco-inc,"Aftermarket vehicle parts company providing braking, suspension, exhaust, and engine components for OEM automakers and aftermarket distributors and retailers",Medium
C344,"C.H. Robinson Worldwide, Inc.",https://chrobinson.com,Logistics / 3PL,"Third-party logistics and freight brokerage: truckload, LTL, intermodal, ocean, air, and customs brokerage",United States,Eden Prairie,Minnesota,1001-5000,15000M,1905,Public,Shippers; manufacturers; retailers; distributors; freight forwarders,Freight Brokerage + 3PL + Logistics,Freight brokerage fees + 3PL services + customs brokerage,North America + Global,"Truckload brokerage, LTL brokerage, intermodal brokerage, ocean freight, air freight, customs brokerage, logistics services, supply chain consulting",Growing,Positive,Freight Brokerage;3PL;Logistics;Customs Brokerage;Supply Chain Consulting;Intermodal;Ocean Freight;Air Freight,https://www.linkedin.com/company/c-h-robinson-worldwide,"Leading third-party logistics provider and freight brokerage firm offering truckload, LTL, intermodal, ocean, air freight, and customs brokerage services with supply chain consulting",Medium
C345,"Expeditors International of Washington, Inc.",https://expeditors.com,Logistics / 3PL,"International freight forwarding: ocean, air, and customs brokerage",United States,Seattle,Washington,1001-5000,3000M,1950,Public,International shippers; importers; exporters; freight forwarders; multinationals,Freight Forwarding + Customs Brokerage + Logistics,Freight forwarding fees + customs brokerage + logistics services,Global,"Ocean freight forwarding, air freight forward, customs brokerage, warehousing, distribution, trade compliance, supply chain services",Stable,Positive,Freight Forwarding;Ocean Freight;Air Freight;Customs Brokerage;Warehousing;Distribution;Trade Compliance;Supply Chain,https://www.linkedin.com/company/expeditors-international-of-washington,"Leading international freight forwarding and customs brokerage company providing ocean, air freight, customs clearance, warehousing, and trade compliance services globally",Medium
C346,GXO Logistics,https://gxorobotics.com,Logistics / 3PL,"Logistics and supply chain: contract logistics, warehousing, and transportation",United States,Bridgewater,New Jersey,1001-5000,10000M,1989,Public,Retailers; e-commerce; consumer goods; industrial; brands,Contract Logistics + Warehousing + Transportation,Warehousing fees + transportation fees + services,Global,"Warehouse and distribution logistics, e-commerce fulfillment, retail distribution, contract logistics, transportation, supply chain management",Growing,Positive,Contract Logistics;Warehousing;Transportation;E-Commerce Fulfillment;Retail Distribution;Supply Chain;Distribution Logistics,https://www.linkedin.com/company/gxo-logistics,"Leading contract logistics and supply chain company providing warehousing, distribution, e-commerce fulfillment, and transportation services for retailers, e-commerce, and consumer goods companies",Medium
C347,Fedex Office / FedEx Supply Chain,https://fedex.com,Logistics / 3PL,"Document printing, business services, and supply chain: third-party logistics, freight, and printing",United States,Memphis,Tennessee,10001-50000,10000M,1971,Subsidiary,Consumers; businesses; government; print; shipping,Document Printing + Business Services + Logistics + 3PL,Product sales + services + shipping + logistics,Global,"Document printing, business center services, third-party logistics, freight shipping, supply chain management, returns, retail services",Stable,Neutral,Document Printing;Business Services;Third-Party Logistics;Freight Shipping;Supply Chain;Returns Services;Retail Services,https://www.linkedin.com/company/fedex,"Logistics company providing document printing, business center services, third-party logistics, freight shipping, and supply chain management with global retail and shipping services",Medium
C348,DHL Supply Chain,https://dhlsupplychain.com,Logistics / 3PL,"Supply chain and contract logistics: warehousing, distribution, and e-commerce fulfillment",United States,Miami,Florida,1001-5000,6000M,1985,Subsidiary,Retailers; e-commerce; consumer goods; industrial; brands,Contract Logistics + Supply Chain + Warehousing,3PL fees + warehousing fees + distribution,Global,"Contract logistics, warehousing, distribution, e-commerce fulfillment, retail distribution, supply chain management, transportation",Growing,Positive,Contract Logistics;Warehousing;Distribution;E-Commerce Fulfillment;Retail Distribution;Supply Chain;Transportation;Industrial Logistics,https://www.linkedin.com/company/dhl-supply-chain,"Leading supply chain and contract logistics company providing warehousing, distribution, e-commerce fulfillment, and transportation services for retailers, consumer goods, and industrial clients worldwide",Medium
C349,HCA Healthcare Inc.,https://hcahealthcare.com,Healthcare / Hospitals & Services,"Healthcare services and facilities: hospitals, physicians, and healthcare networks",United States,Nashville,Tennessee,501-1000,65000M,1968,Public,Patients; hospitals; physicians; healthcare networks,Healthcare Services + Hospitals + Physicians,Hospital revenue + physician services,United States + Puerto Rico,"Hospital services, physician practices and services, healthcare networks, outpatient surgery, emergency services, inpatient and outpatient care, behavioral health",Stable,Positive,Hospital Services;Physician Practices;Healthcare Networks;Outpatient Surgery;Emergency Services;Inpatient Care;Outpatient Care;Behavioral Health,https://www.linkedin.com/company/hca-healthcare,"Leading healthcare services company operating hospitals, physician practices, and healthcare networks providing inpatient, outpatient, emergency, surgical, and behavioral health services",Medium
C350,Tenet Healthcare Corporation,https://tenethealthcare.com,Healthcare / Hospitals & Services,"Healthcare services and hospitals: acute care hospitals, ambulatory surgery, and healthcare networks",United States,Dallas,Texas,101-250,20000M,1967,Public,Patients; hospitals; physicians; healthcare networks,Healthcare Services + Hospitals + Ambulatory,Hospital revenue + ambulatory surgery + physician services,United States,"Acute care hospitals, ambulatory surgery centers, emergency services, inpatient and outpatient hospital services, behavioral health, urgent care",Stable,Neutral,Hospital Services;Acute Care Hospitals;Ambulatory Surgery;Emergency Services;Inpatient Hospital Services;Outpatient Hospital;Urgent Care,https://www.linkedin.com/company/tenet-healthcare-corporation,"Major healthcare services company with acute care hospitals, ambulatory surgery centers, emergency services, and healthcare networks providing inpatient and outpatient hospital services",Medium
C351,Universal Health Services,https://uhsinc.com,Healthcare / Hospitals & Services,"Healthcare services: acute care hospitals, behavioral health, and physician services",United States,King of Prussia,Pennsylvania,101-250,12000M,1978,Public,Patients; hospitals; behavioral health; physician services,Healthcare Services + Hospitals + Behavioral Health,Hospital revenue + behavioral health + physician services,United States,"Acute care hospitals, behavioral health hospitals and facilities, physician services, outpatient care, hospital services, behavioral health treatment",Growing,Positive,Acute Care Hospital;Behavorial Health;Behavorial Health Treatment;Physician Services;Hospital Services;Outpatient Care,https://www.linkedin.com/company/universal-health-services,"Healthcare services company operating acute care hospitals, behavioral health hospitals, and physician practices providing inpatient, outpatient, and behavioral health treatment services",Low
C352,Apollo Medical LLC,https://apolomedical.com,Healthcare / Hospitals & Services,"Medical services: hospital management, physician services, and healthcare facilities",United States,Nashville,Tennessee,51-100,2000M,2014,Private,Acute care hospitals; physician groups; specialty hospitals,Healthcare Services + Hospital Management + Physician Services,Hospital management fees + physician services,United States,"Hospital management, physician services, specialty hospitals, multi-specialty physician practice management, hospital services, healthcare operations",Growing,Positive,Hospital Management;Physician Services;Specialty Hospitals;Multi-Specialty Physician Practice;Healthcare Operations;Hospital Operations,https://www.linkedin.com/company/apollo-medical,"Healthcare services and management company providing hospital management, physician services, and specialty hospital operations and management for acute care and specialty hospitals",Low
C353,IOI Corporation Berhad,https://ioi.com,Healthcare / Hospitals & Services,"Healthcare investments: hospital management, physician groups, and outpatient care",Malaysia,Kuala Lumpur,Federal Territory of Kuala Lumpur,1001-5000,4000M,1974,Public,Patients; hospitals; physician groups; outpatient care; healthcare investors,Healthcare Services + Hospital Management + Healthcare Investments,Hospital management fees + healthcare investment returns + healthcare services,Malaysia + Global,"Hospital management, physician groups, outpatient care, healthcare investments, hospital operations, healthcare services, healthcare strategy",Growing,Positive,Hospital Management;Physician Groups;Outpatient Care;Healthcare Investments;Hospital Operations;Healthcare Strategy;Healthcare Services,https://www.linkedin.com/company/ioi-corporation-berhad,"Malaysian healthcare company with hospital management, physician groups, outpatient care, and healthcare investments and management operations",Medium
C354,Aon plc,https://aon.com,Insurance / Insurance Brokerage,"Insurance brokerage, risk consulting, and reinsurance: insurance brokerage and risk advisory",United Kingdom,Dublin,Dublin,10001-50000,15000M,1982,Public,Corporations; governments; organizations; insurers; insurers,Insurance Brokerage + Risk Advisory + Reinsurance,Brokerage fees + consulting fees + reinsurance services,Global,"Insurance brokerage, risk advisory, reinsurance, employee benefits, retirement, health, wealth, human capital, risk consulting",Stable,Positive,Insurance Brokerage;Risk Advisory;Reinsurance;Employee Benefits;Retirement;Health;Wealth;Human Capital;Risk Consulting;Brokers,https://www.linkedin.com/company/aon-plc,"Global insurance brokerage and risk advisory company providing insurance brokerage, risk consulting, and reinsurance services, employee benefits, and retirement and wealth advisory",Medium
C355,Marsh McLennan,https://marshallmclennan.com,Insurance / Insurance Brokerage,"Insurance brokerage and risk management: insurance, reinsurance, and consulting",United States,New York,New York,10001-50000,10000M,1907,Public,Corporations; insurers; reinsurers; governments; organizations,Insurance Brokerage + Risk Management + Consulting,Brokerage fees + consulting fees + insurance placement,Global,"Insurance brokerage, risk management, reinsurance brokerage, brokerage and reinsurance, Mercer consulting, Oliver Wyman financial services consulting",Stable,Neutral,Insurance Brokerage;Reinsurance Brokerage;Risk Management;Brokerage;Consulting;Insurance Placement;Mercer;Oliver Wyman,https://www.linkedin.com/company/marsh-mclennan,"Global insurance brokerage, risk management, and consulting company providing insurance and reinsurance brokerage, benefits consulting, and financial services advisory through Mercer and Oliver Wyman",Medium
C356,Willis Towers Watson,https://wtw.com,Insurance / Insurance Brokerage,"Insurance brokerage, benefits consulting, and risk management",United Kingdom,London,London,10001-50000,10000M,1828,Public,Corporations; insurers; governments; organizations,Insurance Brokerage + Benefits Consulting + Risk Management,Brokerage fees + consulting fees + insurance placement,Global,"Insurance brokerage, benefits consulting, risk management, insurance brokerage and placement, benefits and talent, risk and broking,health, wealth, and retirement",Stable,Neutral,Insurance Brokerage;Benefits Consulting;Risk Management;Insurance Placement;Benefits and Talent;Risk and Broking;Health;Wealth;Retirement,https://www.linkedin.com/company/willis-towers-watson,"Global insurance brokerage, benefits consulting, and risk management company providing insurance placement, benefits and talent consulting, and risk and broking services",Medium
C357,"DigitalOcean, Inc.",https://digitalocean.com,Cloud Infrastructure,"Simple, predictable cloud infrastructure for developers: virtual machines, managed databases, Kubernetes, and storage",United States,New York,New York,101-250,380M,2012,Subsidiary,Developers and startups; small and medium businesses; enterprises,Cloud Infrastructure + Managed Kubernetes + App Platform,Monthly subscription + usage charges,Global,"Cloud virtual machines, managed databases, Kubernetes, app platform, object storage, load balancers, teams, billing",Growing,Positive,Cloud Virtual Machines;Kubernetes;Managed Databases;App Platform;Object Storage;Load Balancers,https://www.linkedin.com/company/digitalocean,"Developer-focused cloud infrastructure platform offering virtual machines, managed Kubernetes, managed databases, object storage, load balancers and App Platform for developers and startups",High
C358,"Linode, LLC",https://linode.com,Cloud Infrastructure,"Simple cloud hosting: virtual machines (Linodes), managed Kubernetes, and storage for developers and small businesses",United States,Highland,Indiana,51-100,60M,2003,Private,Developers; small businesses; startups; developers,Cloud Hosting + Virtual Machines + Managed Kubernetes,Monthly subscription + usage charges,Global,"Linode virtual machines, managed Kubernetes, object storage, managed databases, NodeBalancer, CPU-optimized instances",Growing,Positive,Linode Virtual Machines;Managed Kubernetes;Object Storage;Managed Databases;NodeBalancer;CPU-Optimized Instances,https://www.linkedin.com/company/linode-llc,"Simple cloud hosting provider offering virtual machines (Linodes), managed Kubernetes, object storage, managed databases and NodeBalancer for developers and small businesses worldwide",Medium
C359,"Digital Realty Trust, Inc.",https://digitalrealty.com,Colocation / Data Center Real Estate,"Data center real estate: colocation, interconnection, and wholesale data center space",United States,Jacksonville,Florida,1001-5000,8000M,2004,Public,Enterprises; cloud providers; content providers; financial services,Colocation + Interconnection + Wholesale Data Center,Monthly recurring rent + interconnection fees,Global,"Premium colocation data centers, interconnection services, wholesale data center space, managed services, single-tenant data centers, network hubs",Stable,Neutral,Data Center;Colocation;Interconnection;Wholesale Data Center;Network Hubs;Single-Tenant Data Centers,https://www.linkedin.com/company/digitalrealty,"Global data center real estate company providing colocation, interconnection, and wholesale data center space for enterprises, cloud providers, content providers, and financial institutions",Low
C360,"Equinix, Inc.",https://equinix.com,Colocation / Data Center Real Estate,"Interconnection and data center platform: colocation, interconnection, and digital infrastructure services for enterprises, cloud providers, content providers, and financial services",United States,Redwood City,California,1001-5000,7000M,1994,Public,Enterprises; cloud providers; content providers; financial services; IoT developers,Colocation + Interconnection + Digital Infrastructure,Monthly recurring subscription + interconnection fees,Global,"Premium colocation data centers, interconnection services, digital infrastructure, managed services, network hubs, telecommunications hubs, edge sites, field sites",Stable,Neutral,Colocation;Interconnection;Digital Infrastructure;Network Hubs;Managed Services;Edge Sites;Field Sites;Telecommunications Hubs;Network Hubs,https://www.linkedin.com/company/equinix,"Global data center and interconnection platform operator providing premium colocation, interconnection, and digital infrastructure services for enterprises, cloud providers, content providers and financial services",Low
C361,BFT Tech S.p.A.,https://bft.tech,Biometric / Access Control Hardware,"Biometric access control hardware: fingerprint, iris, and facial recognition terminals for physical security and logical access",Italy,Gallicano,Tuscany,1001-5000,2000M,1987,Private,Physical security integrators; enterprises; government; data center,Biometric Access Control + Physical Security + Logical Access,One-time hardware sale + recurring licensing,Europe + Middle East + Africa + Asia,"Biometric fingerprint terminals, iris recognition devices, facial recognition terminals, access control panels, card readers, access software",Growing,Positive,Biometric Terminals;Fingerprint Access Control;Iris Recognition;Facial Recognition;Access Control Panels;Card Readers,https://www.linkedin.com/company/bft-tech,"Italian biometric access control hardware manufacturer providing fingerprint, iris, and facial recognition terminals, access control panels, and access control software for physical security and logical access worldwide",Low
C362,Nedap Security Management,https://nedapsecurity.com,Physical Security / Access Control,"Access control and intrusion detection: electronic access control systems, card readers, and intrusion detection for enterprise, retail, and government",Netherlands,Hierden,Gelderland,501-1000,3500M,1952,Subsidiary,Physical security integrators; enterprises; governments; retail; hotels,Access Control + Intrusion Detection + Perimeter Security,Hardware + software + services + services,Global,"Electronic access control readers, access control panels, card readers, intrusion detection, perimeter security, access management software",Stable,Neutral,Access Control;Card Readers;Access Management Software;Intrusion Detection;Perimeter Security;Access Control Panels;Perimeter Access,https://www.linkedin.com/company/nedap-security-management,"Dutch access control and intrusion detection hardware and software company providing electronic access control readers, card readers, intrusion detection and perimeter security for physical security integrators and enterprises",Low
C363,"Automation Anywhere, Inc.",https://automationanywhere.com,Robotic Process Automation (RPA),Enterprise RPA + document processing: software robots for business process automation,United States,San Jose,California,101-250,350M,2003,Subsidiary,Enterprises; IT; business process owners,RPA + Document Processing + Process Mining,SaaS subscription + licensing,Global,"Attended RPA, unattended RPA, document processing, process mining, task bots, IQ Bots, RPA Analytics, process orchestration",Growing,Positive,Attended RPA;Unattended RPA;Document processing;Process mining;Task bots;IQ Bots;RPA analytics,https://www.linkedin.com/company/automation-anywhere,"Enterprise RPA company providing software robots, document processing, process mining and task automation for business process automation across enterprises",High
C364,"UiPath, Inc.",https://uipath.com,Robotic Process Automation (RPA),Enterprise RPA + AI automation: software robots for business process automation and document understanding,United States,New York,New York,101-250,1000M,2005,Subsidiary,Enterprises; IT; business process owners; consulting,RPA + Document Understanding + Process Automation,SaaS subscription + enterprise licensing,Global,"Attended RPA, unattended RPA, document understanding, AI center, process mining, Orchestration, test suite, task capture, automation Ops",Growing,Positive,Attended RPA;Unattended RPA;Document understanding;AI center;Process mining;Orchestration;Test suite;Task capture,https://www.linkedin.com/company/uipath,"Leading enterprise RPA and AI automation company providing software robots, document understanding, process mining, orchestration and test automation for business and IT processes",High
C365,IBM Robotic Process Automation,https://ibm.com/products/robotic-process-automation,Robotic Process Automation (RPA),"Enterprise RPA for IT and business: software robots, task automation and process orchestration",United States,Armonk,New York,10001-50000,5000M,2019,Subsidiary,Enterprises; IT; business process owners; IBM clients,RPA + Task Automation + Process Orchestration,SaaS subscription + enterprise licensing + services,Global,"Attended RPA, unattended RPA, task automation, process orchestration, document processing, AI integration, IBM Cloud Pak for Business Automation",Stable,Positive,Attended RPA;Unattended RPA;Task automation;Process orchestration;Document processing;AI integration;Cloud Pak,https://www.linkedin.com/company/ibm,"IBM enterprise RPA offering providing software robots, task automation, process orchestration and document processing for IT and business process automation within IBM ecosystem",Low
C366,Microsoft Power Automate,https://powerautomate.com,Robotic Process Automation (RPA),"Low-code workflow automation: cloud flows, desktop flows (RPA), process advisor, and AI Builder for business process automation",United States,Redmond,Washington,10001-50000,15000M,2018,Subsidiary,Microsoft 365 customers; enterprises; IT; business users; citizen developers,RPA + Workflow Automation + Low-Code + AI Builder,Included in Microsoft 365 + Per-user + Per-flow licensing,Global,"Cloud flows, desktop flows (RPA), process advisor, AI Builder, Power Apps integration, approvals, Power Automate management, Dataverse",Growing,Positive,Cloud flows;Desktop flows (RPA);Process advisor;AI Builder;Power Apps;Dataverse;Approvals,https://www.linkedin.com/company/microsoft,"Microsoft low-code workflow automation platform offering cloud flows, desktop flows (RPA), process advisor, and AI Builder for business process automation and citizen development",Low
C367,Microsoft Azure Logic Apps,https://azure.microsoft.com/services/logic-apps,Robotic Process Automation (RPA),"Enterprise integration + workflow automation: cloud-native integration workflows, scheduled and event-based automation, and iPaaS",United States,Redmond,Washington,10001-50000,12000M,2014,Division,Enterprises; IT; developers; business users,Enterprise Integration + Workflow Automation + iPaaS,Per-action + per-workflow pricing + enterprise SLA,Global,"Cloud workflows (Logic Apps), standard connectors, enterprise connectors, integration service environment, B2B, AS2, EDIFACT, X12, schedules, HTTP, web hooks",Growing,Positive,Cloud workflows;Connectors;Standard connectors;Enterprise connectors;Integration service environment;B2B;AS2;EDIFACT;X12;HTTP;Webhooks,https://www.linkedin.com/company/microsoft,"Microsoft enterprise integration and workflow automation platform offering cloud-native integration workflows, event-based automation, EDI, and iPaaS for enterprise application and data integration",Low
B368,"Cloudflare, Inc.",https://cloudflare.com,Edge Computing / CDN,"Distributed edge computing + security + delivery: CDN, DNS, WAF, DDoS, Zero Trust, serverless edge compute, and Magic Transit",United States,San Francisco,California,101-250,1200M,2008,Subsidiary,Websites; developers; enterprises; SaaS; media; gaming; IoT,CDN + Security + Edge Compute + DNS + Zero Trust,SaaS subscription + usage-based + enterprise SLA,Global,"Content delivery network, DNS, WAF, DDoS protection, Zero Trust (Access, Gateway, Tunnel), serverless edge compute (Workers), Magic Transit, Magic WAN, Magic Firewall, Spectrum, R2 storage, Queues, Email Routing, Stream video",Growing,Positive,CDN;DNS;WAF;DDoS;Zero Trust;Access;Gateway;Workers;Magic Transit;Magic WAN;Magic Firewall;Spectrum;R2 storage;Queues;Email routing;Stream,https://www.linkedin.com/company/cloudflare,"Global edge computing and security platform providing CDN, DNS, WAF, DDoS, Zero Trust access, serverless edge compute, and network services for websites, developers, enterprises and SaaS",High
C369,"Edgecast Networks, Inc.",https://edgecast.com,Edge Computing / CDN,"Content delivery + edge computing + security: CDN, web application firewall, DDoS protection, and edge compute for enterprises, media, and IoT",United States,South Brunswick,New Jersey,10001-50000,11000M,2003,Subsidiary,Enterprises; media; publishers; broadcasters; IoT; e-commerce,CDN + Edge Compute + WAF + DDoS Protection + Edge Security,Service subscription + usage-based + enterprise SLA,Global,"Content delivery network, edge compute platform, web application firewall, DDoS mitigation, edge SSL/TLS, media delivery, live streaming, OTT, edge security, DNS, L4-L7 load balancing",Growing,Positive,CDN;Edge compute;Web application firewall;DDoS;Edge security;Media delivery;Live streaming;OTT;DNS;Load balancing,https://www.linkedin.com/company/edgecast,"Edge computing and CDN platform company providing content delivery, edge compute, web application firewall, DDoS protection and edge security for enterprises, media, publishers, broadcasters and IoT",Medium
C370,"Akamai Technologies, Inc.",https://akamai.com,Edge Computing / CDN,"Content delivery and cloud security: CDN, web performance, cloud computing, edge servers, and security services for enterprises, web, mobile, IoT, and media",United States,Cambridge,Massachusetts,10001-50000,3000M,1998,Public,Web; enterprises; media; gaming; IoT; cloud service providers,Content Delivery + Cloud Security + Edge Servers + Cloud Computing,Service subscription + usage-based + enterprise SLA,Global,"Content delivery network, web performance optimization, cloud computing, edge servers, cloud security, app & API protector, web application firewall, DDoS, bot management, client-side security, mPulse analytics, cloud computing, edge compute (EdgeWorkers, EdgeKV), media delivery, live streaming",Stable,Positive,Content delivery;Web performance;Cloud computing;Edge servers;Cloud security;App & API protector;Web application firewall;DDoS;Bot management;Client-side security;mPulse;Media delivery;Live streaming;EdgeWorkers;EdgeKV,https://www.linkedin.com/company/akamai,"Content delivery and cloud security company providing CDN, web performance, cloud computing, edge servers, and security services for web, mobile, enterprises, IoT, and media with cloud computing and edge compute",Medium
C371,"Fastly, Inc.",https://fastly.com,Edge Computing / CDN,"Edge cloud platform: content delivery, edge computing (Compute@Edge), image optimization, and security for web, API, streaming, and digital media",United States,San Francisco,California,101-250,900M,2011,Subsidiary,Web; developers; digital media; streaming; e-commerce,Edge Cloud + CDN + Edge Compute + Image Optimization + Security,Usage-based + enterprise subscription + SLA,Global,"Content delivery network, edge compute platform (Compute@Edge), image optimization, real-time logging, security (WAF, DDoS), API acceleration, streaming, instant purging, WebAssembly (Wasm) at the edge",Growing,Positive,CDN;Edge compute;Compute@Edge;Wasm;Image optimization;API acceleration;Streaming;Instant purging;Real-time logging;Security;WAF;DDoS,https://www.linkedin.com/company/fastly,"Edge cloud platform company providing content delivery, edge computing (Compute@Edge), image optimization, real-time logging, and security for web, API, streaming and digital media with instant purging",Medium
C372,"Imperva, Inc.",https://imperva.com,Edge Computing / CDN,"Cybersecurity + CDN + cloud WAF + DDoS + bot management + data security: web and API protection, CDN, and data security for enterprises",United States,Las Vegas,Nevada,10001-50000,500M,2002,Subsidiary,Enterprises; web; SaaS; IoT; public sector,Cybersecurity + CDN + Cloud WAF + DDoS + Bot Management + Data Security,Service subscription + usage-based + per-site + enterprise,Global,"Web application firewall, CDN, DDoS protection, bot management, API security, cloud WAF, RASP, data security, database security, data masking, analytics, threat intelligence, account takeover protection",Growing,Positive,WAF;CDN;DDoS;BOT management;API security;Cloud WAF;Data security;Database security;Data masking;Threat intelligence;Account takeover,https://www.linkedin.com/company/imperva,"Cybersecurity and CDN company providing web and API protection, cloud WAF, DDoS, bot management, ransomware mitigation, and data security for enterprises, SaaS, IoT, and public sector",High
C374,Vespa.ai,https://vespa.ai,Vector Database / Search,"Real-time big data serving engine: search, recommendations, personalization, vector search, and data processing at scale",Norway,Lysaker,Akershus,1001-5000,300M,2012,Private,Developers; enterprises; media; e-commerce; search,Search + Recommendations + Vector Search + Big Data Serving,Open source + enterprise support + managed cloud,Global,"Vespa search engine, recommendations, personalization, vector search, text search, hybrid search, structured data, streaming data, tensor compute, real-time big data serving",Growing,Positive,Vespa;Search engine;Recommendations;Personalization;Vector search;Text search;Hybrid search;Streaming data;Tensor compute,https://www.linkedin.com/company/vespa-ai,"Open-source real-time big data serving engine providing search, recommendations, personalization, and vector search at scale for developers and enterprises building intelligent applications",High
C375,"Pinecone Systems, Inc.",https://pinecone.io,Vector Database / Search,"Managed vector database: high-performance vector search, semantic search, and similarity search for AI/ML applications",United States,New York,New York,101-250,60M,2019,Private,AI/ML developers; enterprises; startups; data scientists,Vector Database + Semantic Search + Similarity Search,Managed service subscription + enterprise SLA,Global,"Managed vector database, vector search, semantic search, similarity search, managed indexes, pod-based and serverless indexes, metadata filtering, hybrid search, data management, integrations",Growing,Positive,Vector database;Vector search;Semantic search;Similarity search;Managed indexes;Serverless indexes;Metadata filtering,https://www.linkedin.com/company/pinecone-io,"Managed vector database company providing high-performance vector search, semantic search and similarity search for AI/ML applications with managed indexes, metadata filtering and hybrid search",High
C376,"Weaviate, Inc.",https://weaviate.io,Vector Database / Search,"Open-source vector database: hybrid search, semantic search, generative search, and RAG for AI/ML applications",Netherlands,Amsterdam,North Holland,1001-5000,20M,2019,Private,AI/ML developers; enterprises; startups; data scientists,Vector Database + Hybrid Search + Semantic Search + RAG,Open source + enterprise SaaS + managed + support,Global,"Weaviate vector database, hybrid search, semantic search, generative search, RAG, multi-modal search, object storage, modules, streaming, filtering, replication, managed clusters, Weaviate Cloud Services",Growing,Positive,Weaviate;Vector database;Hybrid search;Semantic search;Generative search;Multi-modal search;Object storage;Modules,https://www.linkedin.com/company/weaviate,"Open-source vector database company providing hybrid search, semantic search, generative search, and RAG for AI/ML applications with multi-modal search, modules, streaming and managed cloud services",High
C377,"Zupyo, Inc.",https://zupylo.com,AI-Powered Search + Marketing,"AI-powered search + marketing platform: intelligent semantic search, content discovery, and AI marketing automation for e-commerce and publishers",United States,New York,New York,51-100,10M,2021,Private,E-commerce; publishers; brands; content sites,AI Search + Semantic Search + AI Marketing,SaaS subscription + usage-based,North America,"AI-powered search, semantic search, content discovery, AI marketing automation, product recommendations, smart merchandising, personalized search, visual search, analytics, SEO insights",Growing,Positive,AI search;Semantic search;Content discovery;AI marketing;Product recommendations;Smart merchandising;Personalized search;Visual search,https://www.linkedin.com/company/zupylo,"AI-powered semantic search and marketing platform providing intelligent search, content discovery, product recommendations, personalized search and AI marketing automation for e-commerce and publisher websites",High
C378,SAP Business Technology Platform,https://sap.com/products/btp.html,Enterprise Platform / ERP,Enterprise application platform + data + analytics + AI + integration + low-code: SAP BTP for ERP extensibility and business process innovation,Germany,Walldorf,Baden-Württemberg,10001-50000,8000M,2018,Division,SAP ERP customers; enterprises; IT; developers; SAP consultants,Enterprise App Platform + Data + Analytics + AI + Integration + Low-Code,Subscription + consumption-based + enterprise,Global,"SAP BTP, SAP HANA cloud, SAP Integration Suite, SAP Extension Suite, SAP Build (low-code), SAP Analytics Cloud, SAP Business AI, SAP Data Intelligence, SAP Workflow Management, SAP Process Automation, SAP Data Warehouse Cloud",Growing,Positive,SAP BTP;SAP HANA;SAP Integration Suite;SAP Extension Suite;SAP Build;SAP Analytics Cloud;Business AI;Data Intelligence;Workflow Management,https://www.linkedin.com/company/sap,"Enterprise application platform providing data, analytics, AI, integration, and low-code development for SAP ERP customers and enterprises to extend business applications and innovate processes",Low
C379,Cognite Data Fusion,https://cognite.com,Industrial IoT / Contextual Data Platform,"Industrial contextual data platform: contextualization, time series, 3D, Events, and Insights for process industries, energy, manufacturing, and mining",Norway,Oslo,Oslo,1001-5000,500M,2016,Private,Energy; manufacturing; process industries; mining; engineering,Industrial IoT + Contextual Data + Data Fusion + Time Series,SaaS subscription + consumption-based + enterprise,Global,"Cognite Data Fusion, contextualization, time series, 3D, Events, Insights, Industrial DataOps, data modeling, data integration, data pipelines, analytics, AI/ML, asset performance management",Growing,Positive,Cognite Data Fusion;Contextualization;Time series;3D;Events;Insights;Industrial DataOps;Data modeling;Asset performance management,https://www.linkedin.com/company/cognite,"Industrial contextual data platform company providing data fusion, contextualization, time series, 3D, events and insights for energy, manufacturing, process industries and mining to power industrial DataOps and asset performance",Medium
C380,Minute Play Co.,https://minuteplay.com,Digital play / children's entertainment,"Digital play and entertainment: interactive video, play-along content, and digital playgrounds for kids and families across mobile and web",United States,Santa Monica,California,101-250,25M,2016,Public,Kids; families; parents; children's content consumers,Digital play;video;children's entertainment;interactive content;play-along,SaaS subscription + advertising,North America + Global,"Interactive video, play-along content, digital playgrounds, kids content, parent-child co-play, creative play, storytelling, animation, educational entertainment, children's entertainment, mobile entertainment",Growing,Positive,Interactive video;Play-along content;Digital playgrounds;Kids content;Parent-child co-play;Creative play;Storytelling;Animation;Educational entertainment;Children's entertainment;Mobile entertainment,https://www.linkedin.com/company/minute-play-co,"Digital play and entertainment company providing interactive video, play-along content, and digital playgrounds for kids and families across mobile and web with parent-child co-play and creative play",Medium
C381,Social Infantile Sciences,https://socialinfantile.org,Social impact / education / child development,"Social impact education platform: child development content, parenting resources, early childhood education, and community building for parents and caregivers",United States,Portland,Oregon,51-100,8M,2017,Private,Parents; caregivers; early childhood educators; families; child development advocates,Social impact education;child development;parenting resources;early childhood education;community,SaaS subscription + advertising,Global,"Child development content, parenting resources, early childhood education, caregiver support, parent community, child development research, parenting education, expert content, Q&A, community forums, parent knowledge base",Growing,Positive,Child development content;Parenting resources;Early childhood education;Caregiver support;Parent community;Child development research;Parenting education;Expert content;Q&A;Community forums;Parent knowledge base,https://www.linkedin.com/company/social-infantile-sciences,"Social impact education platform providing child development content, parenting resources, early childhood education, caregiver support, and parent community for parents, families, and early childhood educators worldwide",Low
C382,Bear.gle Inc.,https://beargle.com,Temporary staffing / HR tech,"Temporary staffing platform: on-demand, temporary, and flexible staffing for labor, manufacturing, warehousing, logistics, and field operations",United States,Austin,Texas,51-100,15M,2018,Private,Labor staffing; manufacturing; warehousing; distribution; field operations; factories,On-demand staffing; temporary staffing; flexible staffing; labor marketplace,SaaS subscription + per-hire + supplier deal,North America + Global,"On-demand staffing, temporary staffing, flexible staffing, labor marketplace, staff augmentation, contingent staffing, warehouse staffing, logistics staffing, per-diem staffing, temp-to-perm staffing, labor supply",Growing,Positive,On-demand staffing; Temporary staffing; Flexible staffing; Labor marketplace; Staff augmentation; Contingent staffing; Warehouse staffing; Logistics staffing; Per-diem staffing; Temp-to-perm staffing; Labor supply,https://www.linkedin.com/company/beargle-inc,"Temporary staffing platform providing on-demand, temporary, and flexible staffing for labor, manufacturing, warehousing, logistics, and field operations with labor marketplace model",Medium
C383,DOBOT S.p.A.,https://dobots.com,Robotics / Collaborative Robots,"Collaborative robots and educational robotics: desktop collaborative robots, robotic arms, and STEM/education robotics kits for education, research, and light industrial automation",China,Shenzhen,Guangdong,101-250,30M,2015,Private,Education; research; universities; makers; light manufacturing; labs,Collaborative robots; educational robotics; robotic arms; STEM robotics; desktop robots,Product sales + hardware + accessories + services,Global,"Desktop collaborative robots, robotic arms, educational robotics, STEM robotics kits, laser engravers, 3D printers, suction cups, end effectors, robot controllers, robot software, robot teaching, graphical programming, robot training",Growing,Positive,Desktop collaborative robots; Robotic arms; Educational robotics; STEM robotics kits; Laser engravers; 3D printers; Suction cups; End effectors; Robot controllers; Robot software; Robot teaching; Graphical programming; Robot training,https://www.linkedin.com/company/dobot-s.p.a,"Collaboration robotics and education company providing desktop collaborative robots, robotic arms, STEM/education robotics kits, laser engravers, 3D printers, and controller software for education, research, makers, and light automation",Low
C384,Flexiv (Flexiv Robotics),https://flexiv.com,Robotics / Adaptive Robots,"Adaptive robots and robotic arms: force-control adaptive robots, industrial robots, and robot software for manufacturing, assembly, and automation tasks requiring precision and adaptability",China,Beijing,Beijing,101-250,50M,2016,Private,Manufacturing; assembly; automation; automotive; electronics; industrial,Adaptive robots; robotic arms; force-control robots; industrial robots; adaptive robotics,Product sales + hardware + software + services,Global,"Adaptive robots, robotic arms, force-control robots, industrial robots, robot software, robot programming, robot vision, robot force sensing, adaptive grasping, adaptive manipulation, robot end effectors, machine tending, assembly, precision tasks",Growing,Positive,Adaptive robots; Robotic arms; Force-control robots; Industrial robots; Adaptive robotics; Robot software; Robot programming; Robot vision; Robot force sensing; Adaptive grasping; Adaptive manipulation; Machine tending; Assembly; Precision tasks,https://www.linkedin.com/company/flexiv-robotics,"Adaptive robotics company providing force-control adaptive robots, robotic arms, and robot software for precision assembly, manufacturing, and automation tasks requiring adaptability and force control",Medium
C385,Rethink Robotics,https://rethinkrobotics.com,Robotics / Collaborative Robots (legacy),"Collaborative robots and software: Sawyer robot, Baxter robot, and robot software for education, manufacturing, and research (legacy brand, assets now with HAHN Automation / Soft Robotics)",Germany,Hamburg,Hamburg,11-50,5M,2008,Acquired,Education; manufacturing; research; universities; labs; robotics,Collaborative robots; robot software; robotic arms; education robotics; robotics research,Product sales + software + licensing,Europe + Global,"Sawyer robot, Baxter robot, robot software, collaborative robot arms, simple robot programming, intuitive robot interfaces, robot safety, force-controlled robot arms, robot education kits, robot research, robotics software, robot simulation, robot integration",Stable,Neutral,Sawyer robot; Baxter robot; Collaborative robot arms; Robot software; Simple robot programming; Intuitive robot interfaces; Robot safety; Force-controlled robot arms; Robot education kits; Robot research; Robotics software; Robot simulation; Robot integration,https://www.linkedin.com/company/rethink-robotics,"Legacy collaborative robotics company providing Sawyer robot, Baxter robot, and robot software for education, manufacturing, and research with assets now part of HAHN Automation and Soft Robotics",Low
C386,CrossBrowserTesting,https://crossbrowsertesting.com,Testing / Browser + Device Testing,"Cross-browser and cross-device testing: real browsers, mobile devices, emulators, screen recordings, visual testing, and automated testing for web developers and QA teams",United States,Provo,Utah,101-250,15M,2013,Acquired,Web developers; QA teams; enterprise; agencies,Cross-browser testing; cross-device testing; visual testing; automated testing; browser testing,SaaS subscription + usage,Global,"Real browsers, mobile devices, emulators, screen recordings, visual testing, automated testing, live interactive testing, responsive design testing, screenshot testing, bug tracking, Selenium automation, CI/CD integration, browser coverage, device coverage",Stable,Neutral,Real browsers; Mobile devices; Emulators; Screen recordings; Visual testing; Automated testing; Live interactive testing; Responsive design; Screenshot testing; Bug tracking; Selenium automation; CI/CD integration; Browser coverage; Device coverage,https://www.linkedin.com/company/crossbrowsertesting,"Cross-browser and cross-device testing platform providing real browsers, mobile devices, screen recordings, visual testing, and automated testing for web developers and QA teams with Selenium and CI/CD integration",Low
C387,"LambdaTest, Inc.",https://lambdatest.com,Testing / Browser + Device + Mobile Testing,"Cross-browser, cross-device, and mobile testing: real browsers, mobile devices, emulators, automated testing, visual testing, and test orchestration for web developers, QA, and DevOps",India,New Delhi,Delhi,101-250,50M,2017,Private,Web developers; QA teams; DevOps; enterprises; agencies,Cross-browser testing; cross-device testing; mobile testing; visual testing; test orchestration; automated testing,SaaS subscription + usage,Global,"Real browsers, mobile devices, emulators, automated testing, visual testing, test orchestration, Selenium automation, Cypress automation, visual regression, responsive testing, live testing, screenshot testing, geolocation testing, local testing, integrations, browser farm, mobile device lab",Growing,Positive,Real browsers; Mobile devices; Emulators; Automated testing; Visual testing; Test orchestration; Selenium automation; Cypress automation; Visual regression; Responsive testing; Live testing; Screenshot testing; Geolocation testing; Local testing; Browser farm; Mobile device lab,https://www.linkedin.com/company/lambdatest,"Cross-browser, cross-device, and mobile testing platform providing real browsers, mobile devices, emulators, automated testing, visual testing, and test orchestration for web developers, QA, and DevOps with Selenium and Cypress",Medium
C388,"Perfecto Mobile, Inc.",https://perfectomobile.com,Testing / Mobile + Cross-Browser Testing,"Mobile and cross-browser testing: real mobile devices, real browsers, automated testing, visual testing, and AI-powered test maintenance for mobile developers, QA, and enterprises",United States,Cranbury,New Jersey,101-250,20M,2010,Private,Mobile developers; QA; enterprises; telecom; healthcare; finance,Mobile testing; cross-browser testing; automated testing; visual testing; AI test maintenance; real device cloud,SaaS subscription + usage + enterprise SLA,Global,"Real mobile devices, real browsers, automated testing, visual testing, AI-powered test maintenance, mobile device cloud, smartphone testing, tablet testing, responsive testing, cross-browser testing, Selenium automation, CI/CD integration, test data, test reporting, test analytics",Growing,Positive,Real mobile devices; Real browsers; Automated testing; Visual testing; AI test maintenance; Mobile device cloud; Smartphone testing; Tablet testing; Responsive testing; Cross-browser testing; Selenium automation; CI/CD integration; Test data; Test reporting; Test analytics,https://www.linkedin.com/company/perfecto-mobile-inc,"Mobile and cross-browser testing platform providing real mobile devices, real browsers, automated testing, visual testing, and AI-powered test maintenance for mobile developers, QA, and enterprises with CI/CD integration",Medium
C389,SEON Technologies Pte. Ltd.,https://seon.io,Risk / Fraud / AML + Compliance,"Fraud prevention and anti-fraud: AML, fraud detection, transaction monitoring, identity verification, and risk scoring for fintech, crypto, and online businesses",United Kingdom,London,London,101-250,25M,2018,Subsidiary,Fintech; crypto; online businesses; marketplaces; payment processors,Fraud prevention; AML; identity verification; risk scoring; transaction monitoring; anti-fraud,SaaS subscription + per-check + enterprise,Global,"AML screening, fraud detection, transaction monitoring, identity verification, risk scoring, sanctions screening, PEP screening, adverse media screening, device fingerprinting, proxy detection, IP analysis, email analysis, phone analysis, behavioral analysis, chargeback prevention",Growing,Positive,AML screening; Fraud detection; Transaction monitoring; Identity verification; Risk scoring; Sanctions screening; PEP screening; Adverse media screening; Device fingerprinting; Proxy detection; IP analysis; Email analysis; Phone analysis; Behavioral analysis; Chargeback prevention,https://www.linkedin.com/company/seon,"Fraud prevention and AML platform providing AML screening, fraud detection, transaction monitoring, identity verification, risk scoring, and sanctions screening for fintech, crypto, and online businesses worldwide",High
C390,"Trulioo, Inc.",https://trulioo.com,Identity Verification / AML / KYC,"Identity verification and KYC/AML: electronic identity verification, ID document verification, biometric verification, transaction monitoring, and AML compliance for fintech, crypto, and businesses",Canada,Vancouver,British Columbia,101-250,50M,2011,Subsidiary,Fintech; crypto; marketplaces; regulators; businesses; compliance,Identity verification; KYC; AML; KYB; electronic identity verification; document verification,SaaS subscription + per-check + enterprise,Global,"Electronic identity verification, ID document verification, biometric verification, KYC compliance, KYC, AML compliance, transaction monitoring, identity verification API, global identity data, identity network, data sources, identity proofing, address verification, phone verification",Growing,Positive,Electronic identity verification; ID document verification; Biometric verification; KYC; AML; KYB; Identity verification API; Global identity data; Identity network; Data sources; Identity proofing; Address verification; Phone verification,https://www.linkedin.com/company/trulioo,"Identity verification and KYC/AML platform providing electronic identity verification, ID document verification, biometric verification, transaction monitoring, and AML compliance for fintech, crypto, marketplaces, and businesses worldwide",High
C391,"Signifyd, Inc.",https://signifyd.com,Fraud Prevention / Chargeback Protection,"Fraud prevention and chargeback protection: transaction fraud detection, chargeback guarantees, buyer verification, and order scoring for e-commerce and retailers",United States,San Mateo,California,101-250,25M,2013,Private,E-commerce; retailers; payment processors; marketplaces,Fraud prevention; chargeback protection; chargeback guarantee; order scoring; buyer verification,SaaS subscription + per-transaction + guarantee,Global,"Transaction fraud detection, chargeback guarantee, buyer verification, order scoring, fraud scoring, identity verification, device fingerprinting, transaction monitoring, chargeback protection, dispute resolution, chargebacks protection, optimized checkout, order risk scoring",Growing,Positive,Transaction fraud detection; Chargeback guarantee; Buyer verification; Order scoring; Fraud scoring; Device fingerprinting; Transaction monitoring; Chargeback protection; Dispute resolution; Optimized checkout; Order risk scoring,https://www.linkedin.com/company/signifyd,"Fraud prevention and chargeback protection platform providing transaction fraud detection, chargeback guarantees, buyer verification, order scoring, and optimized checkout for e-commerce and retailers worldwide",High
C392,Riskified Ltd.,https://riskified.com,Fraud Prevention / Chargeback / E-commerce Fraud,"E-commerce fraud prevention and chargeback analytics: fraud detection, chargeback analytics, machine learning fraud scoring, and chargeback recovery for e-commerce merchants and retailers",Israel,Tel Aviv,Tel Aviv,101-250,50M,2013,Subsidiary,E-commerce; online retailers; marketplaces,Fraud prevention; chargeback analytics; ML fraud scoring; chargeback recovery; e-commerce fraud,SaaS subscription + per-transaction + risk assessment,Global,"E-commerce fraud prevention, chargeback analytics, machine learning fraud scoring, chargeback recovery, fraud scoring, order risk assessment, identity verification, device fingerprinting, transaction monitoring, chargebacks analytics, fraud insights, chargeback alerts",Growing,Positive,E-commerce fraud prevention; Chargeback analytics; ML fraud scoring; Chargeback recovery; Fraud scoring; Order risk assessment; Device fingerprinting; Transaction monitoring; Chargeback alerts; Fraud insights,https://www.linkedin.com/company/riskified,"E-commerce fraud prevention and chargeback analytics platform providing fraud detection, ML fraud scoring, chargeback analytics, and chargeback recovery for e-commerce merchants and online retailers",High
C393,Apptus Machine Intelligence AB,https://apptus.com,Recommendation / Personalization,"E-commerce personalization and recommendation: product recommendations, search merchandising, personalized offers, and conversion optimization for e-commerce and retailers",Sweden,Stockholm,Stockholm,101-250,35M,2006,Private,E-commerce; retailers; online merchants; e-commerce brands,Recommendation; personalization; search merchandising; product recommendations; conversion optimization,SaaS subscription + usage,Global,"Product recommendations, search merchandising, personalized offers, conversion optimization, search recommendations, personalized search, dynamic search, e-commerce personalization, machine learning, behavioral targeting, real-time personalization, personalization platform, intelligent merchandising",Growing,Positive,Product recommendations; Search merchandising; Personalized offers; Conversion optimization; Personalized search; Dynamic search; E-commerce personalization; Behavioral targeting; Real-time personalization; Personalization platform; Intelligent merchandising,https://www.linkedin.com/company/apptus-llp,"E-commerce personalization and recommendation platform providing product recommendations, search merchandising, personalized offers, and conversion optimization for e-commerce and online retailers with machine learning",Medium
C394,Autosuggest Inc.,https://autosuggest.io,Recommendation / Search Autocomplete / Conversion,"Search autocomplete and product recommendations: search suggestions, autocomplete, query suggestions, and conversion-optimizing search UX for search, e-commerce, and marketplace",United States,Sunnyvale,California,51-100,20M,2017,Private,Search; e-commerce; marketplace; search UX; search frontend; search team,Search autocomplete;query suggestions;autocomplete;search suggestions;conversion optimization;search UX,SaaS subscription + usage,Global,"Search autocomplete, query suggestions, search suggestions, autocomplete suggestions, predictive search, search UX, search suggestions as a service, site search suggestions, search autocomplete widgets, search suggestion API, query suggestion API, conversion-focused search",Growing,Positive,Search autocomplete; query suggestions; autocomplete; search suggestions; predictive search; search UX; search suggestions as a service; site search suggestions; search autocomplete widgets; search suggestion API; query suggestion API; conversion-focused search,https://www.linkedin.com/company/autosuggest-inc,"Search autocomplete and product recommendation platform providing search suggestions, autocomplete, and query suggestions for search UX optimization, predictive search, and conversion-optimizing search frontend for e-commerce and marketplace sites",Medium
C395,Lot of Web Inc.,https://lotofweb.com,Recommendation / Collaborative Filtering,"Collaborative filtering and recommendation engine: product recommendations, content recommendations, personalized recommendations, and discovery for e-commerce, media, and marketplace",United States,San Jose,California,51-100,15M,2014,Private,E-commerce; media; marketplace; content platforms; discovery,Collaborative filtering;recommendation engine;product recommendations;content recommendations;personalized recommendations;discovery,SaaS subscription + usage,Global,"Collaborative filtering, product recommendations, content recommendations, personalized recommendations, discovery engine, recommendation API, collaborative filtering algorithms, item-based CF, user-based CF, hybrid CF, content-based recommendations, personalized discovery, recommendation models",Growing,Positive,Collaborative filtering; product recommendations; content recommendations; personalized recommendations; discovery engine; recommendation API; collaborative filtering algorithms; item-based CF; user-based CF; hybrid CF; content-based recommendations; personalized discovery; recommendation models,https://www.linkedin.com/company/lot-of-web-inc,"Collaborative filtering and recommendation engine providing product recommendations, content recommendations, personalized recommendations, and discovery for e-commerce, media, and content platforms with recommendation APIs",Low
C396,Kobo Inc.,https://kobo.com,E-books / E-readers / Digital Reading,"E-books and e-readers: e-book store, e-reading apps, digital reading, and e-book subscriptions for readers, publishers, and libraries",Canada,Toronto,Ontario,1001-5000,14M,2009,Subsidiary,Readers; publishers; libraries; bookstores; e-book consumers,E-books;e-readers;digital reading;e-book store;e-reading apps;e-book subscriptions,E-book sales + subscriptions + library,Global,"E-book store, e-reading apps, e-readers (Kobo eReaders), digital reading, e-book subscriptions, library platform (Kobo Library), indie bookstore integration, publisher tools, e-book distribution, book discovery, reading analytics, reading recommendations, accessible reading",Growing,Positive,E-book store; e-reading apps; e-readers; digital reading; e-book subscriptions; Kobo Library; indie bookstore; publisher tools; e-book distribution; book discovery; reading analytics; reading recommendations; accessible reading,https://www.linkedin.com/company/kobo,"E-books and e-readers company providing e-book store, e-reading apps, Kobo eReaders, e-book subscriptions, and library platform for readers, publishers, libraries, and bookstores worldwide",Medium
